sample_id,actual_yield_kg_ha,predicted_yield_kg_ha,satellite_attention,weather_attention,soil_attention
AP_ANANTPUR_2010_11_Kharif,2916.73583984375,2891.2900390625,0.17870190739631653,0.550686776638031,0.27061134576797485
AP_ANANTPUR_2010_11_Rabi,2794.989501953125,3317.3544921875,0.19443856179714203,0.5078561305999756,0.2977052927017212
AP_CHITTOOR_2010_11_Kharif,2976.80224609375,2620.675537109375,0.18436208367347717,0.5526557564735413,0.26298215985298157
AP_CHITTOOR_2010_11_Rabi,3019.009033203125,3367.009521484375,0.1884004920721054,0.5405080318450928,0.2710915207862854
AP_CUDDAPAH_2010_11_Kharif,1511.988037109375,2889.381103515625,0.1769496500492096,0.5530677437782288,0.26998257637023926
AP_CUDDAPAH_2010_11_Rabi,2869.98876953125,3314.955322265625,0.19990600645542145,0.5079714059829712,0.29212257266044617
AP_EAST_GODAVARI_2010_11_Kharif,1926.0394287109375,2625.57421875,0.1867920309305191,0.5559456944465637,0.2572622299194336
AP_EAST_GODAVARI_2010_11_Rabi,4915.99755859375,3196.764404296875,0.19423329830169678,0.5383604764938354,0.26740625500679016
AP_GUNTUR_2010_11_Kharif,2397.00146484375,2628.560791015625,0.18434204161167145,0.5533866882324219,0.26227128505706787
AP_GUNTUR_2010_11_Rabi,3455.996337890625,3434.676513671875,0.18979914486408234,0.5397840142250061,0.27041685581207275
AP_KRISHNA_2010_11_Kharif,2776.946533203125,2636.529296875,0.1809646040201187,0.5559519529342651,0.26308342814445496
AP_KRISHNA_2010_11_Rabi,3870.998291015625,3351.47998046875,0.17400255799293518,0.5503097772598267,0.27568766474723816
AP_KURNOOL_2010_11_Kharif,2799.68310546875,3036.524658203125,0.1809447705745697,0.5462110042572021,0.27284422516822815
AP_KURNOOL_2010_11_Rabi,3203.991943359375,3264.55517578125,0.1969708949327469,0.506436288356781,0.2965927720069885
AP_NELLORE_2010_11_Kharif,3270.004150390625,2848.78955078125,0.18714648485183716,0.5512146949768066,0.2616388499736786
AP_NELLORE_2010_11_Rabi,3865.998291015625,3405.686767578125,0.19010111689567566,0.5441016554832458,0.2657971978187561
AP_PRAKASAM_2010_11_Kharif,2931.789306640625,2633.455078125,0.1838710457086563,0.5550631880760193,0.2610657811164856
AP_PRAKASAM_2010_11_Rabi,3486.001220703125,3466.80810546875,0.19059763848781586,0.540633499622345,0.268768846988678
AP_SRIKAKULAM_2010_11_Kharif,813.5999755859375,2631.7705078125,0.18059976398944855,0.5562425255775452,0.2631576955318451
AP_SRIKAKULAM_2010_11_Rabi,2369.96337890625,3195.20947265625,0.18721792101860046,0.5391247272491455,0.2736573815345764
AP_VISAKHAPATNAM_2010_11_Kharif,1744.30810546875,2610.1943359375,0.1856740415096283,0.5569190979003906,0.2574068605899811
AP_VISAKHAPATNAM_2010_11_Rabi,1292.068359375,2789.783447265625,0.18542896211147308,0.5562386512756348,0.2583324611186981
AP_VIZIANAGARM_2010_11_Kharif,2575.128662109375,2622.015380859375,0.1858656406402588,0.5529618263244629,0.2611725628376007
AP_VIZIANAGARM_2010_11_Rabi,3232.974853515625,3191.228515625,0.187389075756073,0.5397433042526245,0.2728675901889801
AP_WEST_GODAVARI_2010_11_Kharif,2181.559814453125,2629.34423828125,0.18576282262802124,0.5527322888374329,0.2615048587322235
AP_WEST_GODAVARI_2010_11_Rabi,4648.99755859375,3254.96142578125,0.19106294214725494,0.5376062393188477,0.271330863237381
AP_ANANTPUR_2011_12_Kharif,2506.1240234375,3200.83154296875,0.1855025291442871,0.5373321175575256,0.2771652936935425
AP_GUNTUR_2011_12_Kharif,3835.90966796875,3282.883056640625,0.1825077384710312,0.5442695021629333,0.27322274446487427
AP_KRISHNA_2011_12_Kharif,3729.10205078125,3226.058837890625,0.19185186922550201,0.536976158618927,0.27117201685905457
AP_KRISHNA_2011_12_Rabi,3415.951416015625,3499.313720703125,0.19204343855381012,0.5368927717208862,0.27106383442878723
AP_KURNOOL_2011_12_Kharif,3629.783447265625,3274.781005859375,0.18644487857818604,0.5377286076545715,0.2758265435695648
AP_NELLORE_2011_12_Kharif,3674.82177734375,3165.165771484375,0.1929391622543335,0.5375871658325195,0.26947370171546936
AP_PRAKASAM_2011_12_Kharif,3449.005615234375,3182.053955078125,0.1891748011112213,0.5394650101661682,0.2713601589202881
AP_SRIKAKULAM_2011_12_Kharif,1917.2200927734375,3184.676025390625,0.19180132448673248,0.5366658568382263,0.27153280377388
AP_SRIKAKULAM_2011_12_Rabi,2108.8154296875,3412.443603515625,0.1898445338010788,0.5412020683288574,0.26895344257354736
AP_VISAKHAPATNAM_2011_12_Kharif,1522.9075927734375,2640.592041015625,0.18443982303142548,0.5587610602378845,0.2567991614341736
AP_VISAKHAPATNAM_2011_12_Rabi,1136.0335693359375,3187.143310546875,0.18130987882614136,0.547764241695404,0.27092593908309937
AP_VIZIANAGARM_2011_12_Kharif,2146.763671875,3189.26904296875,0.19266340136528015,0.5368929505348206,0.2704435884952545
AP_VIZIANAGARM_2011_12_Rabi,2448.052001953125,3212.780517578125,0.16933700442314148,0.5526762008666992,0.2779867649078369
AP_WEST_GODAVARI_2011_12_Kharif,3180.816162109375,3234.448486328125,0.1911536008119583,0.5377346873283386,0.27111175656318665
AP_WEST_GODAVARI_2011_12_Rabi,4406.00244140625,3482.14794921875,0.19014593958854675,0.5388829112052917,0.2709711194038391
