sample_id,actual_yield_kg_ha,predicted_yield_kg_ha
AP_ANANTPUR_2010_11_Kharif,2916.73583984375,2784.6611328125
AP_ANANTPUR_2010_11_Rabi,2794.989501953125,2684.486083984375
AP_CHITTOOR_2010_11_Kharif,2976.80224609375,2621.11669921875
AP_CHITTOOR_2010_11_Rabi,3019.009033203125,3082.595947265625
AP_CUDDAPAH_2010_11_Kharif,1511.988037109375,2792.37548828125
AP_CUDDAPAH_2010_11_Rabi,2869.98876953125,2783.1357421875
AP_EAST_GODAVARI_2010_11_Kharif,1926.0394287109375,2526.60400390625
AP_EAST_GODAVARI_2010_11_Rabi,4915.99755859375,2930.922607421875
AP_GUNTUR_2010_11_Kharif,2397.00146484375,2734.833740234375
AP_GUNTUR_2010_11_Rabi,3455.996337890625,3165.859375
AP_KRISHNA_2010_11_Kharif,2776.946533203125,2726.18701171875
AP_KRISHNA_2010_11_Rabi,3870.998291015625,3081.049072265625
AP_KURNOOL_2010_11_Kharif,2799.68310546875,2894.727294921875
AP_KURNOOL_2010_11_Rabi,3203.991943359375,2583.739990234375
AP_NELLORE_2010_11_Kharif,3270.004150390625,2887.14404296875
AP_NELLORE_2010_11_Rabi,3865.998291015625,3236.50830078125
AP_PRAKASAM_2010_11_Kharif,2931.789306640625,2780.06396484375
AP_PRAKASAM_2010_11_Rabi,3486.001220703125,3243.5009765625
AP_SRIKAKULAM_2010_11_Kharif,813.5999755859375,2408.8828125
AP_SRIKAKULAM_2010_11_Rabi,2369.96337890625,2878.67529296875
AP_VISAKHAPATNAM_2010_11_Kharif,1744.30810546875,2331.37841796875
AP_VISAKHAPATNAM_2010_11_Rabi,1292.068359375,2827.826171875
AP_VIZIANAGARM_2010_11_Kharif,2575.128662109375,2392.321533203125
AP_VIZIANAGARM_2010_11_Rabi,3232.974853515625,2931.897705078125
AP_WEST_GODAVARI_2010_11_Kharif,2181.559814453125,2634.15771484375
AP_WEST_GODAVARI_2010_11_Rabi,4648.99755859375,3017.02490234375
AP_ANANTPUR_2011_12_Kharif,2506.1240234375,3081.85546875
AP_GUNTUR_2011_12_Kharif,3835.90966796875,2985.38427734375
AP_KRISHNA_2011_12_Kharif,3729.10205078125,2886.81005859375
AP_KRISHNA_2011_12_Rabi,3415.951416015625,3248.86328125
AP_KURNOOL_2011_12_Kharif,3629.783447265625,3226.794189453125
AP_NELLORE_2011_12_Kharif,3674.82177734375,2952.6708984375
AP_PRAKASAM_2011_12_Kharif,3449.005615234375,2933.58056640625
AP_SRIKAKULAM_2011_12_Kharif,1917.2200927734375,2671.19287109375
AP_SRIKAKULAM_2011_12_Rabi,2108.8154296875,3081.0087890625
AP_VISAKHAPATNAM_2011_12_Kharif,1522.9075927734375,2576.5712890625
AP_VISAKHAPATNAM_2011_12_Rabi,1136.0335693359375,2858.339111328125
AP_VIZIANAGARM_2011_12_Kharif,2146.763671875,2721.183349609375
AP_VIZIANAGARM_2011_12_Rabi,2448.052001953125,2977.915283203125
AP_WEST_GODAVARI_2011_12_Kharif,3180.816162109375,2878.072265625
AP_WEST_GODAVARI_2011_12_Rabi,4406.00244140625,3133.005615234375
