state,district,year,season,area,production,yield_kg_ha
ANDHRA PRADESH,ANANTPUR,1998-99,Kharif,38300.0,96800.0,2527.415143603133
ANDHRA PRADESH,ANANTPUR,1998-99,Rabi,26600.0,63900.0,2402.2556390977443
ANDHRA PRADESH,CHITTOOR,1998-99,Kharif,42000.0,105400.0,2509.5238095238096
ANDHRA PRADESH,CHITTOOR,1998-99,Rabi,62400.0,159200.0,2551.2820512820513
ANDHRA PRADESH,CUDDAPAH,1998-99,Kharif,59200.0,169800.0,2868.2432432432433
ANDHRA PRADESH,CUDDAPAH,1998-99,Rabi,17000.0,41600.0,2447.0588235294117
ANDHRA PRADESH,EAST GODAVARI,1998-99,Kharif,256300.0,386600.0,1508.3886071010534
ANDHRA PRADESH,EAST GODAVARI,1998-99,Rabi,157600.0,656600.0,4166.243654822335
ANDHRA PRADESH,GUNTUR,1998-99,Kharif,298400.0,921400.0,3087.8016085790887
ANDHRA PRADESH,GUNTUR,1998-99,Rabi,29100.0,99900.0,3432.9896907216494
ANDHRA PRADESH,KRISHNA,1998-99,Kharif,280800.0,759900.0,2706.196581196581
ANDHRA PRADESH,KRISHNA,1998-99,Rabi,134500.0,491200.0,3652.0446096654273
ANDHRA PRADESH,KURNOOL,1998-99,Kharif,75100.0,221700.0,2952.063914780293
ANDHRA PRADESH,KURNOOL,1998-99,Rabi,20900.0,44500.0,2129.186602870813
ANDHRA PRADESH,NELLORE,1998-99,Kharif,44700.0,133400.0,2984.3400447427293
ANDHRA PRADESH,NELLORE,1998-99,Rabi,183300.0,542300.0,2958.5379159847243
ANDHRA PRADESH,PRAKASAM,1998-99,Kharif,72100.0,206700.0,2866.851595006935
ANDHRA PRADESH,PRAKASAM,1998-99,Rabi,73800.0,248900.0,3372.628726287263
ANDHRA PRADESH,SRIKAKULAM,1998-99,Kharif,194400.0,370700.0,1906.8930041152264
ANDHRA PRADESH,SRIKAKULAM,1998-99,Rabi,2000.0,7500.0,3750.0
ANDHRA PRADESH,VISAKHAPATNAM,1998-99,Kharif,114900.0,141300.0,1229.7650130548302
ANDHRA PRADESH,VISAKHAPATNAM,1998-99,Rabi,3800.0,14100.0,3710.5263157894738
ANDHRA PRADESH,VIZIANAGARM,1998-99,Kharif,133000.0,295600.0,2222.5563909774437
ANDHRA PRADESH,VIZIANAGARM,1998-99,Rabi,3600.0,13300.0,3694.4444444444443
ANDHRA PRADESH,WEST GODAVARI,1998-99,Kharif,262000.0,646400.0,2467.1755725190837
ANDHRA PRADESH,WEST GODAVARI,1998-99,Rabi,194300.0,849100.0,4370.046320123521
ANDHRA PRADESH,ANANTPUR,1999-00,Kharif,37991.0,105082.0,2765.9708878418573
ANDHRA PRADESH,ANANTPUR,1999-00,Rabi,20258.0,45669.0,2254.368644486129
ANDHRA PRADESH,CHITTOOR,1999-00,Kharif,37542.0,75477.0,2010.4682755314047
ANDHRA PRADESH,CHITTOOR,1999-00,Rabi,37489.0,76800.0,2048.600922937395
ANDHRA PRADESH,CUDDAPAH,1999-00,Kharif,54783.0,134484.0,2454.8491320300095
ANDHRA PRADESH,CUDDAPAH,1999-00,Rabi,6828.0,12921.0,1892.3550087873462
ANDHRA PRADESH,EAST GODAVARI,1999-00,Kharif,244655.0,628606.0,2569.3568494410497
ANDHRA PRADESH,EAST GODAVARI,1999-00,Rabi,161551.0,645162.0,3993.5500244504833
ANDHRA PRADESH,GUNTUR,1999-00,Kharif,302886.0,969414.0,3200.590321110913
ANDHRA PRADESH,GUNTUR,1999-00,Rabi,14822.0,53167.0,3587.0327890972876
ANDHRA PRADESH,KRISHNA,1999-00,Kharif,278415.0,834490.0,2997.2882208214355
ANDHRA PRADESH,KRISHNA,1999-00,Rabi,127888.0,457596.0,3578.0995871387463
ANDHRA PRADESH,KURNOOL,1999-00,Kharif,81640.0,225431.0,2761.281234688878
ANDHRA PRADESH,KURNOOL,1999-00,Rabi,12430.0,35695.0,2871.6814159292035
ANDHRA PRADESH,NELLORE,1999-00,Kharif,45768.0,136695.0,2986.693759832197
ANDHRA PRADESH,NELLORE,1999-00,Rabi,152441.0,407231.0,2671.4007386464273
ANDHRA PRADESH,PRAKASAM,1999-00,Kharif,70189.0,190583.0,2715.2830215560843
ANDHRA PRADESH,PRAKASAM,1999-00,Rabi,54885.0,129541.0,2360.2259269381434
ANDHRA PRADESH,SRIKAKULAM,1999-00,Kharif,189027.0,323525.0,1711.5279827749475
ANDHRA PRADESH,SRIKAKULAM,1999-00,Rabi,1703.0,5867.0,3445.0968878449794
ANDHRA PRADESH,VISAKHAPATNAM,1999-00,Kharif,103372.0,134010.0,1296.3858685137175
ANDHRA PRADESH,VISAKHAPATNAM,1999-00,Rabi,3053.0,10836.0,3549.2957746478874
ANDHRA PRADESH,VIZIANAGARM,1999-00,Kharif,132185.0,250846.0,1897.688845179105
ANDHRA PRADESH,VIZIANAGARM,1999-00,Rabi,1985.0,6943.0,3497.732997481108
ANDHRA PRADESH,WEST GODAVARI,1999-00,Kharif,267083.0,685440.0,2566.39321858748
ANDHRA PRADESH,WEST GODAVARI,1999-00,Rabi,193377.0,780930.0,4038.3809863634247
ANDHRA PRADESH,ANANTPUR,2000-01,Kharif,39905.0,117680.0,2949.0038842250347
ANDHRA PRADESH,ANANTPUR,2000-01,Rabi,22099.0,57236.0,2589.9814471243044
ANDHRA PRADESH,CHITTOOR,2000-01,Kharif,33776.0,89236.0,2641.994315490289
ANDHRA PRADESH,CHITTOOR,2000-01,Rabi,41442.0,97181.0,2344.98817624632
ANDHRA PRADESH,CUDDAPAH,2000-01,Kharif,60412.0,170120.0,2815.996821823479
ANDHRA PRADESH,CUDDAPAH,2000-01,Rabi,7426.0,6134.0,826.0166980877996
ANDHRA PRADESH,EAST GODAVARI,2000-01,Kharif,253966.0,683423.0,2691.001945142263
ANDHRA PRADESH,EAST GODAVARI,2000-01,Rabi,162861.0,683202.0,4195.000644721573
ANDHRA PRADESH,GUNTUR,2000-01,Kharif,292899.0,987363.0,3371.0016080628475
ANDHRA PRADESH,GUNTUR,2000-01,Rabi,12692.0,49600.0,3907.9735266309485
ANDHRA PRADESH,KRISHNA,2000-01,Kharif,281343.0,868787.0,3087.9993459940356
ANDHRA PRADESH,KRISHNA,2000-01,Rabi,112917.0,408308.0,3616.0011335759896
ANDHRA PRADESH,KURNOOL,2000-01,Kharif,93188.0,307427.0,3298.9977250289735
ANDHRA PRADESH,KURNOOL,2000-01,Rabi,13909.0,38083.0,2738.0113595513694
ANDHRA PRADESH,NELLORE,2000-01,Kharif,55041.0,171563.0,3117.0036881597352
ANDHRA PRADESH,NELLORE,2000-01,Rabi,132867.0,367510.0,2765.9990817885555
ANDHRA PRADESH,PRAKASAM,2000-01,Kharif,50601.0,156559.0,3093.990237347088
ANDHRA PRADESH,PRAKASAM,2000-01,Rabi,96893.0,316840.0,3269.99886472707
ANDHRA PRADESH,SRIKAKULAM,2000-01,Kharif,207461.0,399155.0,1924.0001735265905
ANDHRA PRADESH,SRIKAKULAM,2000-01,Rabi,1100.0,2012.0,1829.090909090909
ANDHRA PRADESH,VISAKHAPATNAM,2000-01,Kharif,115239.0,183345.0,1590.9978392731628
ANDHRA PRADESH,VISAKHAPATNAM,2000-01,Rabi,2969.0,6683.0,2250.926237790502
ANDHRA PRADESH,VIZIANAGARM,2000-01,Kharif,129907.0,214347.0,1650.0034640165657
ANDHRA PRADESH,VIZIANAGARM,2000-01,Rabi,2163.0,5996.0,2772.07582061951
ANDHRA PRADESH,WEST GODAVARI,2000-01,Kharif,272901.0,794415.0,2911.00069255884
ANDHRA PRADESH,WEST GODAVARI,2000-01,Rabi,198764.0,858462.0,4319.001428830171
ANDHRA PRADESH,ANANTPUR,2001-02,Kharif,32878.0,95609.0,2907.993186933512
ANDHRA PRADESH,ANANTPUR,2001-02,Rabi,38119.0,108906.0,2857.0004459718252
ANDHRA PRADESH,CHITTOOR,2001-02,Kharif,24377.0,55311.0,2268.9830578003857
ANDHRA PRADESH,CHITTOOR,2001-02,Rabi,62049.0,170573.0,2749.0048187722605
ANDHRA PRADESH,CUDDAPAH,2001-02,Kharif,38218.0,96883.0,2535.009681302004
ANDHRA PRADESH,CUDDAPAH,2001-02,Rabi,37550.0,98231.0,2616.005326231691
ANDHRA PRADESH,EAST GODAVARI,2001-02,Kharif,220811.0,579850.0,2626.001422030605
ANDHRA PRADESH,EAST GODAVARI,2001-02,Rabi,165779.0,750150.0,4525.000150803177
ANDHRA PRADESH,GUNTUR,2001-02,Kharif,272468.0,935110.0,3431.999354052586
ANDHRA PRADESH,GUNTUR,2001-02,Rabi,44917.0,181060.0,4030.990493577042
ANDHRA PRADESH,KRISHNA,2001-02,Kharif,245114.0,714507.0,2914.998735282358
ANDHRA PRADESH,KRISHNA,2001-02,Rabi,98472.0,358635.0,3641.999756275896
ANDHRA PRADESH,KURNOOL,2001-02,Kharif,43617.0,121779.0,2792.007703418392
ANDHRA PRADESH,KURNOOL,2001-02,Rabi,38162.0,98534.0,2581.9925580420313
ANDHRA PRADESH,NELLORE,2001-02,Kharif,34297.0,108413.0,3161.005335743651
ANDHRA PRADESH,NELLORE,2001-02,Rabi,176106.0,597352.0,3392.0025439224105
ANDHRA PRADESH,PRAKASAM,2001-02,Kharif,40841.0,134204.0,3286.0116059841826
ANDHRA PRADESH,PRAKASAM,2001-02,Rabi,106540.0,385888.0,3622.001126337526
ANDHRA PRADESH,SRIKAKULAM,2001-02,Kharif,178771.0,393654.0,2202.001443187094
ANDHRA PRADESH,SRIKAKULAM,2001-02,Rabi,1584.0,3594.0,2268.939393939394
ANDHRA PRADESH,VISAKHAPATNAM,2001-02,Kharif,86579.0,145020.0,1675.002021275367
ANDHRA PRADESH,VISAKHAPATNAM,2001-02,Rabi,3744.0,7589.0,2026.9764957264956
ANDHRA PRADESH,VIZIANAGARM,2001-02,Kharif,106296.0,199624.0,1878.0010536614736
ANDHRA PRADESH,VIZIANAGARM,2001-02,Rabi,3864.0,10085.0,2609.9896480331263
ANDHRA PRADESH,WEST GODAVARI,2001-02,Kharif,222720.0,576622.0,2588.9996408045977
ANDHRA PRADESH,WEST GODAVARI,2001-02,Rabi,191480.0,896509.0,4681.998119908085
ANDHRA PRADESH,ANANTPUR,2002-03,Kharif,29066.0,66329.0,2282.0133489300215
ANDHRA PRADESH,ANANTPUR,2002-03,Rabi,10960.0,20462.0,1866.970802919708
ANDHRA PRADESH,CHITTOOR,2002-03,Kharif,20137.0,50020.0,2483.9847047723097
ANDHRA PRADESH,CHITTOOR,2002-03,Rabi,30034.0,76827.0,2558.000932276753
ANDHRA PRADESH,CUDDAPAH,2002-03,Kharif,27457.0,56424.0,2054.9950832210366
ANDHRA PRADESH,CUDDAPAH,2002-03,Rabi,9203.0,16446.0,1787.025969792459
ANDHRA PRADESH,EAST GODAVARI,2002-03,Kharif,194809.0,551115.0,2829.001740166009
ANDHRA PRADESH,EAST GODAVARI,2002-03,Rabi,106427.0,491906.0,4622.003814821427
ANDHRA PRADESH,GUNTUR,2002-03,Kharif,202953.0,646811.0,3186.998960350426
ANDHRA PRADESH,GUNTUR,2002-03,Rabi,2716.0,7385.0,2719.0721649484535
ANDHRA PRADESH,KRISHNA,2002-03,Kharif,243910.0,761243.0,3120.9995490139804
ANDHRA PRADESH,KRISHNA,2002-03,Rabi,2185.0,5688.0,2603.203661327231
ANDHRA PRADESH,KURNOOL,2002-03,Kharif,47948.0,100499.0,2095.999833152582
ANDHRA PRADESH,KURNOOL,2002-03,Rabi,10974.0,24856.0,2264.9899763076364
ANDHRA PRADESH,NELLORE,2002-03,Kharif,45511.0,149276.0,3279.9982421832083
ANDHRA PRADESH,NELLORE,2002-03,Rabi,173384.0,522579.0,3013.997831403128
ANDHRA PRADESH,PRAKASAM,2002-03,Kharif,19256.0,46927.0,2437.0066472787703
ANDHRA PRADESH,PRAKASAM,2002-03,Rabi,46223.0,104325.0,2256.9932717478314
ANDHRA PRADESH,SRIKAKULAM,2002-03,Kharif,153148.0,267550.0,1747.0028991563715
ANDHRA PRADESH,SRIKAKULAM,2002-03,Rabi,632.0,1602.0,2534.8101265822784
ANDHRA PRADESH,VISAKHAPATNAM,2002-03,Kharif,61964.0,61344.0,989.9941901749403
ANDHRA PRADESH,VISAKHAPATNAM,2002-03,Rabi,2028.0,3121.0,1538.9546351084812
ANDHRA PRADESH,VIZIANAGARM,2002-03,Kharif,93995.0,115426.0,1228.0014894409278
ANDHRA PRADESH,VIZIANAGARM,2002-03,Rabi,594.0,1558.0,2622.895622895623
ANDHRA PRADESH,WEST GODAVARI,2002-03,Kharif,214554.0,659110.0,3072.000522013106
ANDHRA PRADESH,WEST GODAVARI,2002-03,Rabi,117074.0,506579.0,4326.998308761979
ANDHRA PRADESH,ANANTPUR,2003-04,Kharif,17515.0,44891.0,2563.0031401655724
ANDHRA PRADESH,ANANTPUR,2003-04,Rabi,10826.0,25463.0,2352.0229078145207
ANDHRA PRADESH,CHITTOOR,2003-04,Kharif,18495.0,38562.0,2084.9959448499594
ANDHRA PRADESH,CHITTOOR,2003-04,Rabi,27286.0,46714.0,1712.013486769772
ANDHRA PRADESH,CUDDAPAH,2003-04,Kharif,23356.0,60025.0,2570.0034252440487
ANDHRA PRADESH,CUDDAPAH,2003-04,Rabi,10767.0,24032.0,2232.005201077366
ANDHRA PRADESH,EAST GODAVARI,2003-04,Kharif,234673.0,762453.0,3249.001802508171
ANDHRA PRADESH,EAST GODAVARI,2003-04,Rabi,165321.0,869092.0,5256.9969937273545
ANDHRA PRADESH,GUNTUR,2003-04,Kharif,170487.0,482990.0,2833.001929765906
ANDHRA PRADESH,GUNTUR,2003-04,Rabi,5772.0,16837.0,2917.013167013167
ANDHRA PRADESH,KRISHNA,2003-04,Kharif,222367.0,526565.0,2367.999748164071
ANDHRA PRADESH,KRISHNA,2003-04,Rabi,7486.0,19359.0,2586.0272508682874
ANDHRA PRADESH,KURNOOL,2003-04,Kharif,34618.0,100635.0,2907.013692298804
ANDHRA PRADESH,KURNOOL,2003-04,Rabi,4966.0,11377.0,2290.9786548530005
ANDHRA PRADESH,NELLORE,2003-04,Kharif,17885.0,49756.0,2781.996086105675
ANDHRA PRADESH,NELLORE,2003-04,Rabi,137031.0,364368.0,2659.0187621779014
ANDHRA PRADESH,PRAKASAM,2003-04,Kharif,14621.0,41992.0,2872.033376650024
ANDHRA PRADESH,PRAKASAM,2003-04,Rabi,31497.0,79278.0,2517.001619201829
ANDHRA PRADESH,SRIKAKULAM,2003-04,Kharif,188219.0,421799.0,2241.001174164139
ANDHRA PRADESH,SRIKAKULAM,2003-04,Rabi,2204.0,4496.0,2039.9274047186932
ANDHRA PRADESH,VISAKHAPATNAM,2003-04,Kharif,84676.0,136836.0,1615.9950871557467
ANDHRA PRADESH,VISAKHAPATNAM,2003-04,Rabi,3961.0,7811.0,1971.9767735420348
ANDHRA PRADESH,VIZIANAGARM,2003-04,Kharif,108694.0,228366.0,2100.999135186855
ANDHRA PRADESH,VIZIANAGARM,2003-04,Rabi,4382.0,10679.0,2437.0150616157007
ANDHRA PRADESH,WEST GODAVARI,2003-04,Kharif,232235.0,812590.0,3498.998858914462
ANDHRA PRADESH,WEST GODAVARI,2003-04,Rabi,177983.0,867133.0,4871.999011141514
ANDHRA PRADESH,ANANTPUR,2004-05,Kharif,24335.0,85051.0,3495.007191288268
ANDHRA PRADESH,ANANTPUR,2004-05,Rabi,9240.0,21622.0,2340.04329004329
ANDHRA PRADESH,CHITTOOR,2004-05,Kharif,19055.0,43331.0,2273.9963264235107
ANDHRA PRADESH,CHITTOOR,2004-05,Rabi,25822.0,69177.0,2678.9946557199287
ANDHRA PRADESH,CUDDAPAH,2004-05,Kharif,46932.0,149619.0,3187.9953975965227
ANDHRA PRADESH,CUDDAPAH,2004-05,Rabi,5689.0,11424.0,2008.0857795746176
ANDHRA PRADESH,EAST GODAVARI,2004-05,Kharif,224521.0,743614.0,3312.0019953590086
ANDHRA PRADESH,EAST GODAVARI,2004-05,Rabi,162903.0,766296.0,4704.001767923242
ANDHRA PRADESH,GUNTUR,2004-05,Kharif,240404.0,833961.0,3468.998019999667
ANDHRA PRADESH,GUNTUR,2004-05,Rabi,21247.0,70922.0,3337.97712618252
ANDHRA PRADESH,KRISHNA,2004-05,Kharif,245306.0,804849.0,3281.000057071576
ANDHRA PRADESH,KRISHNA,2004-05,Rabi,10017.0,31584.0,3153.039832285115
ANDHRA PRADESH,KURNOOL,2004-05,Kharif,61465.0,210702.0,3427.9996746115676
ANDHRA PRADESH,KURNOOL,2004-05,Rabi,12058.0,37549.0,3114.032177807265
ANDHRA PRADESH,NELLORE,2004-05,Kharif,19326.0,56432.0,2920.00413950119
ANDHRA PRADESH,NELLORE,2004-05,Rabi,167421.0,576933.0,3446.001397674127
ANDHRA PRADESH,PRAKASAM,2004-05,Kharif,27435.0,95446.0,3478.986695826499
ANDHRA PRADESH,PRAKASAM,2004-05,Rabi,66134.0,220491.0,3334.003689478937
ANDHRA PRADESH,SRIKAKULAM,2004-05,Kharif,190795.0,448561.0,2351.010246599754
ANDHRA PRADESH,SRIKAKULAM,2004-05,Rabi,2198.0,5743.0,2612.829845313922
ANDHRA PRADESH,VISAKHAPATNAM,2004-05,Kharif,95187.0,160771.0,1689.001649384895
ANDHRA PRADESH,VISAKHAPATNAM,2004-05,Rabi,2621.0,3701.0,1412.0564669973292
ANDHRA PRADESH,VIZIANAGARM,2004-05,Kharif,125205.0,291352.0,2326.9997204584483
ANDHRA PRADESH,VIZIANAGARM,2004-05,Rabi,2370.0,3979.0,1678.902953586498
ANDHRA PRADESH,WEST GODAVARI,2004-05,Kharif,244235.0,842122.0,3447.9988535631664
ANDHRA PRADESH,WEST GODAVARI,2004-05,Rabi,175761.0,807446.0,4593.999806555493
ANDHRA PRADESH,ANANTPUR,2005-06,Kharif,25008.0,69972.0,2797.9846449136276
ANDHRA PRADESH,ANANTPUR,2005-06,Rabi,23142.0,55587.0,2401.9963702359346
ANDHRA PRADESH,CHITTOOR,2005-06,Kharif,16240.0,37173.0,2288.977832512315
ANDHRA PRADESH,CHITTOOR,2005-06,Rabi,66351.0,193612.0,2917.996714442887
ANDHRA PRADESH,CUDDAPAH,2005-06,Kharif,45556.0,85828.0,1884.0108876986567
ANDHRA PRADESH,CUDDAPAH,2005-06,Rabi,21197.0,55791.0,2632.0233995376702
ANDHRA PRADESH,EAST GODAVARI,2005-06,Kharif,217411.0,348727.0,1603.9988777016802
ANDHRA PRADESH,EAST GODAVARI,2005-06,Rabi,170012.0,800927.0,4711.002752746865
ANDHRA PRADESH,GUNTUR,2005-06,Kharif,288879.0,892636.0,3089.9996192177346
ANDHRA PRADESH,GUNTUR,2005-06,Rabi,31434.0,111559.0,3548.991537825285
ANDHRA PRADESH,KRISHNA,2005-06,Kharif,254919.0,697203.0,2734.9981758911654
ANDHRA PRADESH,KRISHNA,2005-06,Rabi,104332.0,409399.0,3924.00222367059
ANDHRA PRADESH,KURNOOL,2005-06,Kharif,88555.0,292586.0,3304.0031618768
ANDHRA PRADESH,KURNOOL,2005-06,Rabi,20079.0,65980.0,3286.0202201304846
ANDHRA PRADESH,NELLORE,2005-06,Kharif,18036.0,55190.0,3059.9911288534045
ANDHRA PRADESH,NELLORE,2005-06,Rabi,189671.0,713732.0,3763.0001423517565
ANDHRA PRADESH,PRAKASAM,2005-06,Kharif,54390.0,144351.0,2653.9988968560397
ANDHRA PRADESH,PRAKASAM,2005-06,Rabi,95020.0,340932.0,3588.0025257840452
ANDHRA PRADESH,SRIKAKULAM,2005-06,Kharif,153521.0,271425.0,1767.9991662378436
ANDHRA PRADESH,SRIKAKULAM,2005-06,Rabi,4237.0,10105.0,2384.9421760679725
ANDHRA PRADESH,VISAKHAPATNAM,2005-06,Kharif,84808.0,125007.0,1474.0000943307234
ANDHRA PRADESH,VISAKHAPATNAM,2005-06,Rabi,3821.0,7073.0,1851.086103114368
ANDHRA PRADESH,VIZIANAGARM,2005-06,Kharif,94336.0,131127.0,1389.9995759837177
ANDHRA PRADESH,VIZIANAGARM,2005-06,Rabi,3750.0,9529.0,2541.0666666666666
ANDHRA PRADESH,WEST GODAVARI,2005-06,Kharif,253521.0,475859.0,1877.0003273890525
ANDHRA PRADESH,WEST GODAVARI,2005-06,Rabi,192497.0,887411.0,4609.999116869354
ANDHRA PRADESH,ANANTPUR,2006-07,Kharif,22349.0,67427.0,3017.002997896998
ANDHRA PRADESH,ANANTPUR,2006-07,Rabi,10846.0,31974.0,2947.999262400885
ANDHRA PRADESH,CHITTOOR,2006-07,Kharif,17049.0,42520.0,2493.9879171798934
ANDHRA PRADESH,CHITTOOR,2006-07,Rabi,29164.0,85101.0,2918.015361404471
ANDHRA PRADESH,CUDDAPAH,2006-07,Kharif,41908.0,114493.0,2732.0082084566193
ANDHRA PRADESH,CUDDAPAH,2006-07,Rabi,4997.0,10963.0,2193.916349809886
ANDHRA PRADESH,EAST GODAVARI,2006-07,Kharif,227930.0,547716.0,2403.000921335498
ANDHRA PRADESH,EAST GODAVARI,2006-07,Rabi,168963.0,845829.0,5006.001313897125
ANDHRA PRADESH,GUNTUR,2006-07,Kharif,288638.0,783941.0,2716.0006651930794
ANDHRA PRADESH,GUNTUR,2006-07,Rabi,28933.0,100947.0,3488.99180866139
ANDHRA PRADESH,KRISHNA,2006-07,Kharif,251433.0,521221.0,2073.001555086246
ANDHRA PRADESH,KRISHNA,2006-07,Rabi,94862.0,355638.0,3749.003816069659
ANDHRA PRADESH,KURNOOL,2006-07,Kharif,80692.0,270238.0,3349.006097258712
ANDHRA PRADESH,KURNOOL,2006-07,Rabi,12475.0,36764.0,2947.0140280561122
ANDHRA PRADESH,NELLORE,2006-07,Kharif,60057.0,197167.0,3282.9978187388647
ANDHRA PRADESH,NELLORE,2006-07,Rabi,181863.0,659617.0,3626.999444636897
ANDHRA PRADESH,PRAKASAM,2006-07,Kharif,41191.0,124809.0,3030.0065548299385
ANDHRA PRADESH,PRAKASAM,2006-07,Rabi,79875.0,297215.0,3721.001564945227
ANDHRA PRADESH,SRIKAKULAM,2006-07,Kharif,193994.0,491775.0,2535.0010825077065
ANDHRA PRADESH,SRIKAKULAM,2006-07,Rabi,3425.0,7223.0,2108.905109489051
ANDHRA PRADESH,VISAKHAPATNAM,2006-07,Kharif,93133.0,178070.0,1911.996821749541
ANDHRA PRADESH,VISAKHAPATNAM,2006-07,Rabi,2614.0,5301.0,2027.9265493496557
ANDHRA PRADESH,VIZIANAGARM,2006-07,Kharif,117452.0,281532.0,2396.996219732316
ANDHRA PRADESH,VIZIANAGARM,2006-07,Rabi,1000.0,1803.0,1803.0
ANDHRA PRADESH,WEST GODAVARI,2006-07,Kharif,245236.0,682001.0,2780.9987114453015
ANDHRA PRADESH,WEST GODAVARI,2006-07,Rabi,188804.0,875107.0,4635.00243638906
ANDHRA PRADESH,ANANTPUR,2007-08,Kharif,30000.0,95000.0,3166.6666666666665
ANDHRA PRADESH,ANANTPUR,2007-08,Rabi,14000.0,37000.0,2642.8571428571427
ANDHRA PRADESH,CHITTOOR,2007-08,Kharif,15000.0,42000.0,2800.0
ANDHRA PRADESH,CHITTOOR,2007-08,Rabi,37000.0,116000.0,3135.135135135135
ANDHRA PRADESH,CUDDAPAH,2007-08,Kharif,45000.0,139000.0,3088.8888888888887
ANDHRA PRADESH,CUDDAPAH,2007-08,Rabi,17000.0,45000.0,2647.0588235294117
ANDHRA PRADESH,EAST GODAVARI,2007-08,Kharif,242000.0,715000.0,2954.5454545454545
ANDHRA PRADESH,EAST GODAVARI,2007-08,Rabi,169000.0,803000.0,4751.4792899408285
ANDHRA PRADESH,GUNTUR,2007-08,Kharif,283000.0,976000.0,3448.763250883392
ANDHRA PRADESH,GUNTUR,2007-08,Rabi,24000.0,85000.0,3541.6666666666665
ANDHRA PRADESH,KRISHNA,2007-08,Kharif,261000.0,944000.0,3616.8582375478927
ANDHRA PRADESH,KRISHNA,2007-08,Rabi,94000.0,355000.0,3776.595744680851
ANDHRA PRADESH,KURNOOL,2007-08,Kharif,90000.0,332000.0,3688.8888888888887
ANDHRA PRADESH,KURNOOL,2007-08,Rabi,19000.0,51000.0,2684.2105263157896
ANDHRA PRADESH,NELLORE,2007-08,Kharif,46000.0,162000.0,3521.7391304347825
ANDHRA PRADESH,NELLORE,2007-08,Rabi,188000.0,695000.0,3696.808510638298
ANDHRA PRADESH,PRAKASAM,2007-08,Kharif,47000.0,173000.0,3680.851063829787
ANDHRA PRADESH,PRAKASAM,2007-08,Rabi,80000.0,287000.0,3587.5
ANDHRA PRADESH,SRIKAKULAM,2007-08,Kharif,201000.0,613000.0,3049.7512437810947
ANDHRA PRADESH,SRIKAKULAM,2007-08,Rabi,2000.0,6000.0,3000.0
ANDHRA PRADESH,VISAKHAPATNAM,2007-08,Kharif,96000.0,195000.0,2031.25
ANDHRA PRADESH,VISAKHAPATNAM,2007-08,Rabi,3000.0,6000.0,2000.0
ANDHRA PRADESH,VIZIANAGARM,2007-08,Kharif,124000.0,362000.0,2919.3548387096776
ANDHRA PRADESH,VIZIANAGARM,2007-08,Rabi,3000.0,7000.0,2333.3333333333335
ANDHRA PRADESH,WEST GODAVARI,2007-08,Kharif,254000.0,825000.0,3248.031496062992
ANDHRA PRADESH,WEST GODAVARI,2007-08,Rabi,192000.0,814000.0,4239.583333333333
ANDHRA PRADESH,ANANTPUR,2008-09,Kharif,30306.0,94615.0,3121.989045073583
ANDHRA PRADESH,ANANTPUR,2008-09,Rabi,18416.0,49815.0,2704.984795829713
ANDHRA PRADESH,CHITTOOR,2008-09,Kharif,17596.0,46242.0,2627.9836326437826
ANDHRA PRADESH,CHITTOOR,2008-09,Rabi,37927.0,118636.0,3128.0090700556334
ANDHRA PRADESH,CUDDAPAH,2008-09,Kharif,50183.0,87168.0,1737.0025705916346
ANDHRA PRADESH,CUDDAPAH,2008-09,Rabi,14883.0,41271.0,2773.0296311227576
ANDHRA PRADESH,EAST GODAVARI,2008-09,Kharif,240231.0,716609.0,2982.999696125812
ANDHRA PRADESH,EAST GODAVARI,2008-09,Rabi,169861.0,796648.0,4689.9994701550095
ANDHRA PRADESH,GUNTUR,2008-09,Kharif,281491.0,959321.0,3407.998834776245
ANDHRA PRADESH,GUNTUR,2008-09,Rabi,51358.0,187662.0,3653.9974298064567
ANDHRA PRADESH,KRISHNA,2008-09,Kharif,273878.0,959395.0,3503.0013363614457
ANDHRA PRADESH,KRISHNA,2008-09,Rabi,120655.0,467900.0,3877.999254071526
ANDHRA PRADESH,KURNOOL,2008-09,Kharif,84066.0,279856.0,3329.003402088835
ANDHRA PRADESH,KURNOOL,2008-09,Rabi,27383.0,97073.0,3545.009677537158
ANDHRA PRADESH,NELLORE,2008-09,Kharif,65233.0,233795.0,3583.998896264161
ANDHRA PRADESH,NELLORE,2008-09,Rabi,191854.0,763003.0,3976.9981339977276
ANDHRA PRADESH,PRAKASAM,2008-09,Kharif,47434.0,167774.0,3536.9987772483873
ANDHRA PRADESH,PRAKASAM,2008-09,Rabi,83957.0,314503.0,3746.000929047012
ANDHRA PRADESH,SRIKAKULAM,2008-09,Kharif,203172.0,408376.0,2010.0013781426574
ANDHRA PRADESH,SRIKAKULAM,2008-09,Rabi,2667.0,6190.0,2320.959880014998
ANDHRA PRADESH,VISAKHAPATNAM,2008-09,Kharif,99378.0,167253.0,1682.9982491094609
ANDHRA PRADESH,VISAKHAPATNAM,2008-09,Rabi,2679.0,5090.0,1899.9626726390445
ANDHRA PRADESH,VIZIANAGARM,2008-09,Kharif,128964.0,307966.0,2387.9997518687387
ANDHRA PRADESH,VIZIANAGARM,2008-09,Rabi,1695.0,4043.0,2385.250737463127
ANDHRA PRADESH,WEST GODAVARI,2008-09,Kharif,255444.0,778593.0,3047.9987785972658
ANDHRA PRADESH,WEST GODAVARI,2008-09,Rabi,195014.0,821789.0,4214.000020511348
ANDHRA PRADESH,ANANTPUR,2009-10,Kharif,32226.0,101512.0,3150.003103084466
ANDHRA PRADESH,ANANTPUR,2009-10,Rabi,19428.0,46899.0,2413.990117356393
ANDHRA PRADESH,CHITTOOR,2009-10,Kharif,19758.0,56192.0,2844.0125518777204
ANDHRA PRADESH,CHITTOOR,2009-10,Rabi,35155.0,113937.0,3240.9899018631772
ANDHRA PRADESH,CUDDAPAH,2009-10,Kharif,52423.0,153757.0,2933.006504778437
ANDHRA PRADESH,CUDDAPAH,2009-10,Rabi,12894.0,34169.0,2649.992244454785
ANDHRA PRADESH,EAST GODAVARI,2009-10,Kharif,202153.0,616567.0,3050.001731361889
ANDHRA PRADESH,EAST GODAVARI,2009-10,Rabi,104423.0,456537.0,4371.996590789386
ANDHRA PRADESH,GUNTUR,2009-10,Kharif,190526.0,683226.0,3585.9987613239136
ANDHRA PRADESH,GUNTUR,2009-10,Rabi,112342.0,383423.0,3412.997810257962
ANDHRA PRADESH,KRISHNA,2009-10,Kharif,228196.0,784310.0,3437.0015250048205
ANDHRA PRADESH,KRISHNA,2009-10,Rabi,108442.0,424984.0,3918.998174139171
ANDHRA PRADESH,KURNOOL,2009-10,Kharif,81908.0,256454.0,3131.0006348586217
ANDHRA PRADESH,KURNOOL,2009-10,Rabi,44772.0,157911.0,3527.0034843205576
ANDHRA PRADESH,NELLORE,2009-10,Kharif,67894.0,220248.0,3243.9979968774855
ANDHRA PRADESH,NELLORE,2009-10,Rabi,198993.0,783833.0,3938.9978541958762
ANDHRA PRADESH,PRAKASAM,2009-10,Kharif,32959.0,117730.0,3572.0137140083134
ANDHRA PRADESH,PRAKASAM,2009-10,Rabi,96240.0,371390.0,3858.998337489609
ANDHRA PRADESH,SRIKAKULAM,2009-10,Kharif,177058.0,371822.0,2100.0011295733602
ANDHRA PRADESH,SRIKAKULAM,2009-10,Rabi,2708.0,6407.0,2365.952732644018
ANDHRA PRADESH,VISAKHAPATNAM,2009-10,Kharif,65447.0,69112.0,1055.9995110547466
ANDHRA PRADESH,VISAKHAPATNAM,2009-10,Rabi,2974.0,4509.0,1516.1398789509078
ANDHRA PRADESH,VIZIANAGARM,2009-10,Kharif,104550.0,229801.0,2198.000956480153
ANDHRA PRADESH,VIZIANAGARM,2009-10,Rabi,3683.0,9285.0,2521.042628292153
ANDHRA PRADESH,WEST GODAVARI,2009-10,Kharif,212887.0,660163.0,3101.001939996336
ANDHRA PRADESH,WEST GODAVARI,2009-10,Rabi,115690.0,454893.0,3931.999308496845
ANDHRA PRADESH,ANANTPUR,2010-11,Kharif,34973.0,102007.0,2916.7357675921426
ANDHRA PRADESH,ANANTPUR,2010-11,Rabi,24828.0,69394.0,2794.989527952312
ANDHRA PRADESH,CHITTOOR,2010-11,Kharif,18019.0,53639.0,2976.802264276597
ANDHRA PRADESH,CHITTOOR,2010-11,Rabi,43558.0,131502.0,3019.0091372422976
ANDHRA PRADESH,CUDDAPAH,2010-11,Kharif,53345.0,80657.0,1511.988002624426
ANDHRA PRADESH,CUDDAPAH,2010-11,Rabi,17037.0,48896.0,2869.988847801843
ANDHRA PRADESH,EAST GODAVARI,2010-11,Kharif,237640.0,457704.0,1926.0393873085338
ANDHRA PRADESH,EAST GODAVARI,2010-11,Rabi,172888.0,849917.0,4915.997640090694
ANDHRA PRADESH,GUNTUR,2010-11,Kharif,271072.0,649760.0,2397.001534647621
ANDHRA PRADESH,GUNTUR,2010-11,Rabi,58393.0,201806.0,3455.9964379292037
ANDHRA PRADESH,KRISHNA,2010-11,Kharif,260350.0,722978.0,2776.9464182830807
ANDHRA PRADESH,KRISHNA,2010-11,Rabi,94991.0,367710.0,3870.998305102589
ANDHRA PRADESH,KURNOOL,2010-11,Kharif,104110.0,291475.0,2799.6830275669963
ANDHRA PRADESH,KURNOOL,2010-11,Rabi,32967.0,105626.0,3203.991870658537
ANDHRA PRADESH,NELLORE,2010-11,Kharif,69873.0,228485.0,3270.0041503871307
ANDHRA PRADESH,NELLORE,2010-11,Rabi,200990.0,777027.0,3865.998308373551
ANDHRA PRADESH,PRAKASAM,2010-11,Kharif,48878.0,143300.0,2931.7893530831866
ANDHRA PRADESH,PRAKASAM,2010-11,Rabi,107903.0,376150.0,3486.001315996775
ANDHRA PRADESH,SRIKAKULAM,2010-11,Kharif,205853.0,167482.0,813.5999961137317
ANDHRA PRADESH,SRIKAKULAM,2010-11,Rabi,7098.0,16822.0,2369.96336996337
ANDHRA PRADESH,VISAKHAPATNAM,2010-11,Kharif,110289.0,192378.0,1744.3081358975057
ANDHRA PRADESH,VISAKHAPATNAM,2010-11,Rabi,7262.0,9383.0,1292.0683007435969
ANDHRA PRADESH,VIZIANAGARM,2010-11,Kharif,126290.0,325213.0,2575.1286721038878
ANDHRA PRADESH,VIZIANAGARM,2010-11,Rabi,7254.0,23452.0,3232.9749103942654
ANDHRA PRADESH,WEST GODAVARI,2010-11,Kharif,256147.0,558800.0,2181.559807454313
ANDHRA PRADESH,WEST GODAVARI,2010-11,Rabi,200369.0,931515.0,4648.9975994290535
ANDHRA PRADESH,ANANTPUR,2011-12,Kharif,37720.0,94531.0,2506.1240721102863
ANDHRA PRADESH,ANANTPUR,2011-12,Rabi,10948.0,25542.0,2333.0288637194008
ANDHRA PRADESH,CHITTOOR,2011-12,Kharif,17342.0,55719.0,3212.9512166993427
ANDHRA PRADESH,CHITTOOR,2011-12,Rabi,33764.0,113211.0,3353.009122141926
ANDHRA PRADESH,CUDDAPAH,2011-12,Kharif,47290.0,141161.0,2985.0074011418906
ANDHRA PRADESH,CUDDAPAH,2011-12,Rabi,6606.0,17499.0,2648.9554950045413
ANDHRA PRADESH,EAST GODAVARI,2011-12,Kharif,197445.0,589741.0,2986.8621641469776
ANDHRA PRADESH,EAST GODAVARI,2011-12,Rabi,139649.0,587084.0,4203.997164319115
ANDHRA PRADESH,GUNTUR,2011-12,Kharif,281790.0,1080921.0,3835.9097200042584
ANDHRA PRADESH,GUNTUR,2011-12,Rabi,11012.0,39060.0,3547.039593171086
ANDHRA PRADESH,KRISHNA,2011-12,Kharif,262826.0,980105.0,3729.102143623538
ANDHRA PRADESH,KRISHNA,2011-12,Rabi,9203.0,31437.0,3415.9513202216667
ANDHRA PRADESH,KURNOOL,2011-12,Kharif,91984.0,333882.0,3629.783440598365
ANDHRA PRADESH,KURNOOL,2011-12,Rabi,14738.0,46042.0,3124.033111684082
ANDHRA PRADESH,NELLORE,2011-12,Kharif,53137.0,195269.0,3674.8216873365077
ANDHRA PRADESH,NELLORE,2011-12,Rabi,201435.0,836157.0,4151.00156377988
ANDHRA PRADESH,PRAKASAM,2011-12,Kharif,39122.0,134932.0,3449.0056745565157
ANDHRA PRADESH,PRAKASAM,2011-12,Rabi,79396.0,292098.0,3679.0014610307826
ANDHRA PRADESH,SRIKAKULAM,2011-12,Kharif,208239.0,399240.0,1917.2201172690995
ANDHRA PRADESH,SRIKAKULAM,2011-12,Rabi,2178.0,4593.0,2108.815426997245
ANDHRA PRADESH,VISAKHAPATNAM,2011-12,Kharif,109505.0,166766.0,1522.907629788594
ANDHRA PRADESH,VISAKHAPATNAM,2011-12,Rabi,2617.0,2973.0,1136.0336262896446
ANDHRA PRADESH,VIZIANAGARM,2011-12,Kharif,123491.0,265106.0,2146.7637317699264
ANDHRA PRADESH,VIZIANAGARM,2011-12,Rabi,1078.0,2639.0,2448.051948051948
ANDHRA PRADESH,WEST GODAVARI,2011-12,Kharif,240266.0,764242.0,3180.8162619763098
ANDHRA PRADESH,WEST GODAVARI,2011-12,Rabi,123519.0,544225.0,4406.002315433253
