sample_id,district,year,season,yield_kg_ha
AP_ANANTPUR_1998_99_Kharif,ANANTPUR,1998-99,Kharif,2527.415143603133
AP_ANANTPUR_1998_99_Rabi,ANANTPUR,1998-99,Rabi,2402.2556390977443
AP_KURNOOL_1998_99_Kharif,KURNOOL,1998-99,Kharif,2952.063914780293
AP_KURNOOL_1998_99_Rabi,KURNOOL,1998-99,Rabi,2129.186602870813
AP_EAST_GODAVARI_1999_00_Rabi,EAST GODAVARI,1999-00,Rabi,3993.5500244504833
AP_KRISHNA_1999_00_Rabi,KRISHNA,1999-00,Rabi,3578.0995871387463
AP_SRIKAKULAM_1999_00_Rabi,SRIKAKULAM,1999-00,Rabi,3445.0968878449794
AP_VISAKHAPATNAM_1999_00_Rabi,VISAKHAPATNAM,1999-00,Rabi,3549.295774647888
AP_WEST_GODAVARI_1999_00_Rabi,WEST GODAVARI,1999-00,Rabi,4038.3809863634247
AP_ANANTPUR_2000_01_Kharif,ANANTPUR,2000-01,Kharif,2949.0038842250347
AP_ANANTPUR_2000_01_Rabi,ANANTPUR,2000-01,Rabi,2589.9814471243044
AP_CHITTOOR_2000_01_Rabi,CHITTOOR,2000-01,Rabi,2344.98817624632
AP_CUDDAPAH_2000_01_Rabi,CUDDAPAH,2000-01,Rabi,826.0166980877996
AP_EAST_GODAVARI_2000_01_Rabi,EAST GODAVARI,2000-01,Rabi,4195.000644721573
AP_GUNTUR_2000_01_Rabi,GUNTUR,2000-01,Rabi,3907.973526630949
AP_KURNOOL_2000_01_Kharif,KURNOOL,2000-01,Kharif,3298.997725028973
AP_NELLORE_2000_01_Rabi,NELLORE,2000-01,Rabi,2765.9990817885555
AP_PRAKASAM_2000_01_Rabi,PRAKASAM,2000-01,Rabi,3269.99886472707
AP_SRIKAKULAM_2000_01_Rabi,SRIKAKULAM,2000-01,Rabi,1829.090909090909
AP_VISAKHAPATNAM_2000_01_Rabi,VISAKHAPATNAM,2000-01,Rabi,2250.926237790502
AP_VIZIANAGARM_2000_01_Rabi,VIZIANAGARM,2000-01,Rabi,2772.07582061951
AP_WEST_GODAVARI_2000_01_Rabi,WEST GODAVARI,2000-01,Rabi,4319.001428830171
AP_ANANTPUR_2001_02_Kharif,ANANTPUR,2001-02,Kharif,2907.993186933512
AP_CHITTOOR_2001_02_Kharif,CHITTOOR,2001-02,Kharif,2268.9830578003857
AP_EAST_GODAVARI_2001_02_Kharif,EAST GODAVARI,2001-02,Kharif,2626.001422030605
AP_KRISHNA_2001_02_Kharif,KRISHNA,2001-02,Kharif,2914.998735282358
AP_NELLORE_2001_02_Kharif,NELLORE,2001-02,Kharif,3161.005335743651
AP_WEST_GODAVARI_2001_02_Kharif,WEST GODAVARI,2001-02,Kharif,2588.9996408045977
AP_ANANTPUR_2003_04_Rabi,ANANTPUR,2003-04,Rabi,2352.0229078145207
AP_CHITTOOR_2003_04_Rabi,CHITTOOR,2003-04,Rabi,1712.013486769772
AP_CUDDAPAH_2003_04_Rabi,CUDDAPAH,2003-04,Rabi,2232.005201077366
AP_EAST_GODAVARI_2003_04_Kharif,EAST GODAVARI,2003-04,Kharif,3249.001802508171
AP_EAST_GODAVARI_2003_04_Rabi,EAST GODAVARI,2003-04,Rabi,5256.9969937273545
AP_GUNTUR_2003_04_Kharif,GUNTUR,2003-04,Kharif,2833.001929765906
AP_GUNTUR_2003_04_Rabi,GUNTUR,2003-04,Rabi,2917.013167013167
AP_KRISHNA_2003_04_Kharif,KRISHNA,2003-04,Kharif,2367.999748164071
AP_KRISHNA_2003_04_Rabi,KRISHNA,2003-04,Rabi,2586.0272508682874
AP_KURNOOL_2003_04_Rabi,KURNOOL,2003-04,Rabi,2290.9786548530005
AP_NELLORE_2003_04_Rabi,NELLORE,2003-04,Rabi,2659.0187621779014
AP_PRAKASAM_2003_04_Rabi,PRAKASAM,2003-04,Rabi,2517.001619201829
AP_SRIKAKULAM_2003_04_Kharif,SRIKAKULAM,2003-04,Kharif,2241.001174164139
AP_SRIKAKULAM_2003_04_Rabi,SRIKAKULAM,2003-04,Rabi,2039.9274047186927
AP_VISAKHAPATNAM_2003_04_Rabi,VISAKHAPATNAM,2003-04,Rabi,1971.9767735420348
AP_VIZIANAGARM_2003_04_Rabi,VIZIANAGARM,2003-04,Rabi,2437.0150616157007
AP_WEST_GODAVARI_2003_04_Kharif,WEST GODAVARI,2003-04,Kharif,3498.998858914462
AP_WEST_GODAVARI_2003_04_Rabi,WEST GODAVARI,2003-04,Rabi,4871.999011141514
AP_ANANTPUR_2004_05_Kharif,ANANTPUR,2004-05,Kharif,3495.007191288268
AP_ANANTPUR_2004_05_Rabi,ANANTPUR,2004-05,Rabi,2340.04329004329
AP_CHITTOOR_2004_05_Kharif,CHITTOOR,2004-05,Kharif,2273.9963264235107
AP_CHITTOOR_2004_05_Rabi,CHITTOOR,2004-05,Rabi,2678.9946557199287
AP_CUDDAPAH_2004_05_Kharif,CUDDAPAH,2004-05,Kharif,3187.9953975965227
AP_CUDDAPAH_2004_05_Rabi,CUDDAPAH,2004-05,Rabi,2008.0857795746176
AP_EAST_GODAVARI_2004_05_Kharif,EAST GODAVARI,2004-05,Kharif,3312.001995359009
AP_EAST_GODAVARI_2004_05_Rabi,EAST GODAVARI,2004-05,Rabi,4704.001767923242
AP_GUNTUR_2004_05_Kharif,GUNTUR,2004-05,Kharif,3468.998019999667
AP_GUNTUR_2004_05_Rabi,GUNTUR,2004-05,Rabi,3337.97712618252
AP_KRISHNA_2004_05_Kharif,KRISHNA,2004-05,Kharif,3281.000057071576
AP_KRISHNA_2004_05_Rabi,KRISHNA,2004-05,Rabi,3153.039832285115
AP_KURNOOL_2004_05_Kharif,KURNOOL,2004-05,Kharif,3427.999674611568
AP_KURNOOL_2004_05_Rabi,KURNOOL,2004-05,Rabi,3114.032177807265
AP_NELLORE_2004_05_Kharif,NELLORE,2004-05,Kharif,2920.00413950119
AP_NELLORE_2004_05_Rabi,NELLORE,2004-05,Rabi,3446.001397674127
AP_PRAKASAM_2004_05_Kharif,PRAKASAM,2004-05,Kharif,3478.986695826499
AP_PRAKASAM_2004_05_Rabi,PRAKASAM,2004-05,Rabi,3334.003689478937
AP_SRIKAKULAM_2004_05_Kharif,SRIKAKULAM,2004-05,Kharif,2351.010246599754
AP_SRIKAKULAM_2004_05_Rabi,SRIKAKULAM,2004-05,Rabi,2612.829845313922
AP_VISAKHAPATNAM_2004_05_Kharif,VISAKHAPATNAM,2004-05,Kharif,1689.001649384895
AP_VISAKHAPATNAM_2004_05_Rabi,VISAKHAPATNAM,2004-05,Rabi,1412.0564669973292
AP_VIZIANAGARM_2004_05_Kharif,VIZIANAGARM,2004-05,Kharif,2326.9997204584483
AP_VIZIANAGARM_2004_05_Rabi,VIZIANAGARM,2004-05,Rabi,1678.902953586498
AP_WEST_GODAVARI_2004_05_Kharif,WEST GODAVARI,2004-05,Kharif,3447.9988535631664
AP_WEST_GODAVARI_2004_05_Rabi,WEST GODAVARI,2004-05,Rabi,4593.999806555493
AP_ANANTPUR_2005_06_Kharif,ANANTPUR,2005-06,Kharif,2797.984644913628
AP_ANANTPUR_2005_06_Rabi,ANANTPUR,2005-06,Rabi,2401.9963702359346
AP_CHITTOOR_2005_06_Kharif,CHITTOOR,2005-06,Kharif,2288.977832512315
AP_CHITTOOR_2005_06_Rabi,CHITTOOR,2005-06,Rabi,2917.996714442887
AP_CUDDAPAH_2005_06_Kharif,CUDDAPAH,2005-06,Kharif,1884.0108876986567
AP_CUDDAPAH_2005_06_Rabi,CUDDAPAH,2005-06,Rabi,2632.0233995376702
AP_EAST_GODAVARI_2005_06_Kharif,EAST GODAVARI,2005-06,Kharif,1603.9988777016802
AP_EAST_GODAVARI_2005_06_Rabi,EAST GODAVARI,2005-06,Rabi,4711.002752746865
AP_GUNTUR_2005_06_Kharif,GUNTUR,2005-06,Kharif,3089.9996192177346
AP_GUNTUR_2005_06_Rabi,GUNTUR,2005-06,Rabi,3548.991537825285
AP_KRISHNA_2005_06_Kharif,KRISHNA,2005-06,Kharif,2734.9981758911654
AP_KRISHNA_2005_06_Rabi,KRISHNA,2005-06,Rabi,3924.00222367059
AP_KURNOOL_2005_06_Kharif,KURNOOL,2005-06,Kharif,3304.0031618768
AP_KURNOOL_2005_06_Rabi,KURNOOL,2005-06,Rabi,3286.0202201304846
AP_NELLORE_2005_06_Kharif,NELLORE,2005-06,Kharif,3059.9911288534045
AP_NELLORE_2005_06_Rabi,NELLORE,2005-06,Rabi,3763.000142351757
AP_PRAKASAM_2005_06_Kharif,PRAKASAM,2005-06,Kharif,2653.99889685604
AP_PRAKASAM_2005_06_Rabi,PRAKASAM,2005-06,Rabi,3588.002525784045
AP_SRIKAKULAM_2005_06_Kharif,SRIKAKULAM,2005-06,Kharif,1767.9991662378436
AP_SRIKAKULAM_2005_06_Rabi,SRIKAKULAM,2005-06,Rabi,2384.9421760679725
AP_VISAKHAPATNAM_2005_06_Kharif,VISAKHAPATNAM,2005-06,Kharif,1474.0000943307234
AP_VISAKHAPATNAM_2005_06_Rabi,VISAKHAPATNAM,2005-06,Rabi,1851.086103114368
AP_VIZIANAGARM_2005_06_Kharif,VIZIANAGARM,2005-06,Kharif,1389.9995759837177
AP_VIZIANAGARM_2005_06_Rabi,VIZIANAGARM,2005-06,Rabi,2541.0666666666666
AP_WEST_GODAVARI_2005_06_Kharif,WEST GODAVARI,2005-06,Kharif,1877.0003273890525
AP_WEST_GODAVARI_2005_06_Rabi,WEST GODAVARI,2005-06,Rabi,4609.999116869354
AP_ANANTPUR_2006_07_Kharif,ANANTPUR,2006-07,Kharif,3017.002997896998
AP_ANANTPUR_2006_07_Rabi,ANANTPUR,2006-07,Rabi,2947.999262400885
AP_CHITTOOR_2006_07_Kharif,CHITTOOR,2006-07,Kharif,2493.987917179893
AP_CHITTOOR_2006_07_Rabi,CHITTOOR,2006-07,Rabi,2918.015361404471
AP_CUDDAPAH_2006_07_Kharif,CUDDAPAH,2006-07,Kharif,2732.00820845662
AP_CUDDAPAH_2006_07_Rabi,CUDDAPAH,2006-07,Rabi,2193.916349809886
AP_EAST_GODAVARI_2006_07_Kharif,EAST GODAVARI,2006-07,Kharif,2403.000921335498
AP_EAST_GODAVARI_2006_07_Rabi,EAST GODAVARI,2006-07,Rabi,5006.001313897125
AP_GUNTUR_2006_07_Kharif,GUNTUR,2006-07,Kharif,2716.0006651930794
AP_GUNTUR_2006_07_Rabi,GUNTUR,2006-07,Rabi,3488.99180866139
AP_KRISHNA_2006_07_Kharif,KRISHNA,2006-07,Kharif,2073.001555086246
AP_KRISHNA_2006_07_Rabi,KRISHNA,2006-07,Rabi,3749.003816069659
AP_KURNOOL_2006_07_Kharif,KURNOOL,2006-07,Kharif,3349.006097258712
AP_KURNOOL_2006_07_Rabi,KURNOOL,2006-07,Rabi,2947.014028056112
AP_NELLORE_2006_07_Kharif,NELLORE,2006-07,Kharif,3282.9978187388647
AP_NELLORE_2006_07_Rabi,NELLORE,2006-07,Rabi,3626.999444636897
AP_PRAKASAM_2006_07_Kharif,PRAKASAM,2006-07,Kharif,3030.0065548299385
AP_PRAKASAM_2006_07_Rabi,PRAKASAM,2006-07,Rabi,3721.001564945227
AP_SRIKAKULAM_2006_07_Kharif,SRIKAKULAM,2006-07,Kharif,2535.0010825077065
AP_SRIKAKULAM_2006_07_Rabi,SRIKAKULAM,2006-07,Rabi,2108.905109489051
AP_VISAKHAPATNAM_2006_07_Kharif,VISAKHAPATNAM,2006-07,Kharif,1911.996821749541
AP_VISAKHAPATNAM_2006_07_Rabi,VISAKHAPATNAM,2006-07,Rabi,2027.926549349656
AP_VIZIANAGARM_2006_07_Kharif,VIZIANAGARM,2006-07,Kharif,2396.996219732316
AP_VIZIANAGARM_2006_07_Rabi,VIZIANAGARM,2006-07,Rabi,1803.0
AP_WEST_GODAVARI_2006_07_Kharif,WEST GODAVARI,2006-07,Kharif,2780.998711445301
AP_WEST_GODAVARI_2006_07_Rabi,WEST GODAVARI,2006-07,Rabi,4635.00243638906
AP_CHITTOOR_2007_08_Kharif,CHITTOOR,2007-08,Kharif,2800.0
AP_CHITTOOR_2007_08_Rabi,CHITTOOR,2007-08,Rabi,3135.135135135135
AP_CUDDAPAH_2007_08_Kharif,CUDDAPAH,2007-08,Kharif,3088.8888888888887
AP_CUDDAPAH_2007_08_Rabi,CUDDAPAH,2007-08,Rabi,2647.058823529412
AP_EAST_GODAVARI_2007_08_Kharif,EAST GODAVARI,2007-08,Kharif,2954.5454545454545
AP_EAST_GODAVARI_2007_08_Rabi,EAST GODAVARI,2007-08,Rabi,4751.4792899408285
AP_GUNTUR_2007_08_Kharif,GUNTUR,2007-08,Kharif,3448.763250883392
AP_GUNTUR_2007_08_Rabi,GUNTUR,2007-08,Rabi,3541.6666666666665
AP_KRISHNA_2007_08_Rabi,KRISHNA,2007-08,Rabi,3776.595744680851
AP_KURNOOL_2007_08_Kharif,KURNOOL,2007-08,Kharif,3688.8888888888887
AP_KURNOOL_2007_08_Rabi,KURNOOL,2007-08,Rabi,2684.2105263157896
AP_NELLORE_2007_08_Kharif,NELLORE,2007-08,Kharif,3521.7391304347825
AP_NELLORE_2007_08_Rabi,NELLORE,2007-08,Rabi,3696.808510638298
AP_PRAKASAM_2007_08_Kharif,PRAKASAM,2007-08,Kharif,3680.851063829787
AP_PRAKASAM_2007_08_Rabi,PRAKASAM,2007-08,Rabi,3587.5
AP_SRIKAKULAM_2007_08_Kharif,SRIKAKULAM,2007-08,Kharif,3049.7512437810947
AP_SRIKAKULAM_2007_08_Rabi,SRIKAKULAM,2007-08,Rabi,3000.0
AP_VISAKHAPATNAM_2007_08_Kharif,VISAKHAPATNAM,2007-08,Kharif,2031.25
AP_VISAKHAPATNAM_2007_08_Rabi,VISAKHAPATNAM,2007-08,Rabi,2000.0
AP_VIZIANAGARM_2007_08_Kharif,VIZIANAGARM,2007-08,Kharif,2919.3548387096776
AP_VIZIANAGARM_2007_08_Rabi,VIZIANAGARM,2007-08,Rabi,2333.333333333333
AP_WEST_GODAVARI_2007_08_Kharif,WEST GODAVARI,2007-08,Kharif,3248.031496062992
AP_WEST_GODAVARI_2007_08_Rabi,WEST GODAVARI,2007-08,Rabi,4239.583333333333
AP_ANANTPUR_2008_09_Kharif,ANANTPUR,2008-09,Kharif,3121.989045073583
AP_ANANTPUR_2008_09_Rabi,ANANTPUR,2008-09,Rabi,2704.984795829713
AP_CHITTOOR_2008_09_Kharif,CHITTOOR,2008-09,Kharif,2627.9836326437826
AP_CHITTOOR_2008_09_Rabi,CHITTOOR,2008-09,Rabi,3128.0090700556334
AP_CUDDAPAH_2008_09_Kharif,CUDDAPAH,2008-09,Kharif,1737.0025705916346
AP_CUDDAPAH_2008_09_Rabi,CUDDAPAH,2008-09,Rabi,2773.0296311227576
AP_EAST_GODAVARI_2008_09_Kharif,EAST GODAVARI,2008-09,Kharif,2982.999696125812
AP_EAST_GODAVARI_2008_09_Rabi,EAST GODAVARI,2008-09,Rabi,4689.9994701550095
AP_GUNTUR_2008_09_Kharif,GUNTUR,2008-09,Kharif,3407.998834776245
AP_GUNTUR_2008_09_Rabi,GUNTUR,2008-09,Rabi,3653.9974298064567
AP_KRISHNA_2008_09_Kharif,KRISHNA,2008-09,Kharif,3503.0013363614457
AP_KRISHNA_2008_09_Rabi,KRISHNA,2008-09,Rabi,3877.999254071526
AP_KURNOOL_2008_09_Kharif,KURNOOL,2008-09,Kharif,3329.003402088835
AP_KURNOOL_2008_09_Rabi,KURNOOL,2008-09,Rabi,3545.009677537158
AP_NELLORE_2008_09_Kharif,NELLORE,2008-09,Kharif,3583.998896264161
AP_NELLORE_2008_09_Rabi,NELLORE,2008-09,Rabi,3976.998133997728
AP_PRAKASAM_2008_09_Kharif,PRAKASAM,2008-09,Kharif,3536.998777248388
AP_SRIKAKULAM_2008_09_Kharif,SRIKAKULAM,2008-09,Kharif,2010.001378142657
AP_SRIKAKULAM_2008_09_Rabi,SRIKAKULAM,2008-09,Rabi,2320.959880014998
AP_VISAKHAPATNAM_2008_09_Kharif,VISAKHAPATNAM,2008-09,Kharif,1682.9982491094609
AP_VISAKHAPATNAM_2008_09_Rabi,VISAKHAPATNAM,2008-09,Rabi,1899.9626726390445
AP_VIZIANAGARM_2008_09_Kharif,VIZIANAGARM,2008-09,Kharif,2387.9997518687387
AP_VIZIANAGARM_2008_09_Rabi,VIZIANAGARM,2008-09,Rabi,2385.250737463127
AP_WEST_GODAVARI_2008_09_Kharif,WEST GODAVARI,2008-09,Kharif,3047.9987785972658
AP_WEST_GODAVARI_2008_09_Rabi,WEST GODAVARI,2008-09,Rabi,4214.000020511348
AP_ANANTPUR_2009_10_Kharif,ANANTPUR,2009-10,Kharif,3150.003103084466
AP_ANANTPUR_2009_10_Rabi,ANANTPUR,2009-10,Rabi,2413.990117356393
AP_CHITTOOR_2009_10_Kharif,CHITTOOR,2009-10,Kharif,2844.0125518777204
AP_CHITTOOR_2009_10_Rabi,CHITTOOR,2009-10,Rabi,3240.989901863177
AP_CUDDAPAH_2009_10_Kharif,CUDDAPAH,2009-10,Kharif,2933.006504778437
AP_CUDDAPAH_2009_10_Rabi,CUDDAPAH,2009-10,Rabi,2649.992244454785
AP_EAST_GODAVARI_2009_10_Kharif,EAST GODAVARI,2009-10,Kharif,3050.001731361889
AP_EAST_GODAVARI_2009_10_Rabi,EAST GODAVARI,2009-10,Rabi,4371.996590789386
AP_GUNTUR_2009_10_Kharif,GUNTUR,2009-10,Kharif,3585.9987613239136
AP_GUNTUR_2009_10_Rabi,GUNTUR,2009-10,Rabi,3412.997810257962
AP_KRISHNA_2009_10_Kharif,KRISHNA,2009-10,Kharif,3437.0015250048205
AP_KRISHNA_2009_10_Rabi,KRISHNA,2009-10,Rabi,3918.998174139171
AP_KURNOOL_2009_10_Kharif,KURNOOL,2009-10,Kharif,3131.0006348586217
AP_KURNOOL_2009_10_Rabi,KURNOOL,2009-10,Rabi,3527.0034843205576
AP_NELLORE_2009_10_Kharif,NELLORE,2009-10,Kharif,3243.997996877485
AP_NELLORE_2009_10_Rabi,NELLORE,2009-10,Rabi,3938.997854195876
AP_PRAKASAM_2009_10_Kharif,PRAKASAM,2009-10,Kharif,3572.0137140083134
AP_PRAKASAM_2009_10_Rabi,PRAKASAM,2009-10,Rabi,3858.998337489609
AP_SRIKAKULAM_2009_10_Kharif,SRIKAKULAM,2009-10,Kharif,2100.00112957336
AP_SRIKAKULAM_2009_10_Rabi,SRIKAKULAM,2009-10,Rabi,2365.952732644018
AP_VISAKHAPATNAM_2009_10_Kharif,VISAKHAPATNAM,2009-10,Kharif,1055.9995110547466
AP_VISAKHAPATNAM_2009_10_Rabi,VISAKHAPATNAM,2009-10,Rabi,1516.1398789509078
AP_VIZIANAGARM_2009_10_Kharif,VIZIANAGARM,2009-10,Kharif,2198.000956480153
AP_VIZIANAGARM_2009_10_Rabi,VIZIANAGARM,2009-10,Rabi,2521.042628292153
AP_WEST_GODAVARI_2009_10_Kharif,WEST GODAVARI,2009-10,Kharif,3101.001939996336
AP_WEST_GODAVARI_2009_10_Rabi,WEST GODAVARI,2009-10,Rabi,3931.999308496845
AP_ANANTPUR_2010_11_Kharif,ANANTPUR,2010-11,Kharif,2916.7357675921426
AP_ANANTPUR_2010_11_Rabi,ANANTPUR,2010-11,Rabi,2794.989527952312
AP_CHITTOOR_2010_11_Kharif,CHITTOOR,2010-11,Kharif,2976.802264276597
AP_CHITTOOR_2010_11_Rabi,CHITTOOR,2010-11,Rabi,3019.0091372422976
AP_CUDDAPAH_2010_11_Kharif,CUDDAPAH,2010-11,Kharif,1511.988002624426
AP_CUDDAPAH_2010_11_Rabi,CUDDAPAH,2010-11,Rabi,2869.988847801843
AP_EAST_GODAVARI_2010_11_Kharif,EAST GODAVARI,2010-11,Kharif,1926.0393873085336
AP_EAST_GODAVARI_2010_11_Rabi,EAST GODAVARI,2010-11,Rabi,4915.997640090694
AP_GUNTUR_2010_11_Kharif,GUNTUR,2010-11,Kharif,2397.001534647621
AP_GUNTUR_2010_11_Rabi,GUNTUR,2010-11,Rabi,3455.996437929204
AP_KRISHNA_2010_11_Kharif,KRISHNA,2010-11,Kharif,2776.9464182830807
AP_KRISHNA_2010_11_Rabi,KRISHNA,2010-11,Rabi,3870.998305102589
AP_KURNOOL_2010_11_Kharif,KURNOOL,2010-11,Kharif,2799.6830275669963
AP_KURNOOL_2010_11_Rabi,KURNOOL,2010-11,Rabi,3203.991870658537
AP_NELLORE_2010_11_Kharif,NELLORE,2010-11,Kharif,3270.0041503871307
AP_NELLORE_2010_11_Rabi,NELLORE,2010-11,Rabi,3865.998308373551
AP_PRAKASAM_2010_11_Kharif,PRAKASAM,2010-11,Kharif,2931.7893530831866
AP_PRAKASAM_2010_11_Rabi,PRAKASAM,2010-11,Rabi,3486.001315996775
AP_SRIKAKULAM_2010_11_Kharif,SRIKAKULAM,2010-11,Kharif,813.5999961137317
AP_SRIKAKULAM_2010_11_Rabi,SRIKAKULAM,2010-11,Rabi,2369.96336996337
AP_VISAKHAPATNAM_2010_11_Kharif,VISAKHAPATNAM,2010-11,Kharif,1744.3081358975055
AP_VISAKHAPATNAM_2010_11_Rabi,VISAKHAPATNAM,2010-11,Rabi,1292.0683007435969
AP_VIZIANAGARM_2010_11_Kharif,VIZIANAGARM,2010-11,Kharif,2575.128672103888
AP_VIZIANAGARM_2010_11_Rabi,VIZIANAGARM,2010-11,Rabi,3232.9749103942654
AP_WEST_GODAVARI_2010_11_Kharif,WEST GODAVARI,2010-11,Kharif,2181.559807454313
AP_WEST_GODAVARI_2010_11_Rabi,WEST GODAVARI,2010-11,Rabi,4648.9975994290535
AP_ANANTPUR_2011_12_Kharif,ANANTPUR,2011-12,Kharif,2506.1240721102863
AP_GUNTUR_2011_12_Kharif,GUNTUR,2011-12,Kharif,3835.9097200042575
AP_KRISHNA_2011_12_Kharif,KRISHNA,2011-12,Kharif,3729.102143623538
AP_KRISHNA_2011_12_Rabi,KRISHNA,2011-12,Rabi,3415.9513202216667
AP_KURNOOL_2011_12_Kharif,KURNOOL,2011-12,Kharif,3629.783440598365
AP_NELLORE_2011_12_Kharif,NELLORE,2011-12,Kharif,3674.821687336508
AP_PRAKASAM_2011_12_Kharif,PRAKASAM,2011-12,Kharif,3449.005674556516
AP_SRIKAKULAM_2011_12_Kharif,SRIKAKULAM,2011-12,Kharif,1917.2201172690995
AP_SRIKAKULAM_2011_12_Rabi,SRIKAKULAM,2011-12,Rabi,2108.815426997245
AP_VISAKHAPATNAM_2011_12_Kharif,VISAKHAPATNAM,2011-12,Kharif,1522.907629788594
AP_VISAKHAPATNAM_2011_12_Rabi,VISAKHAPATNAM,2011-12,Rabi,1136.0336262896446
AP_VIZIANAGARM_2011_12_Kharif,VIZIANAGARM,2011-12,Kharif,2146.7637317699264
AP_VIZIANAGARM_2011_12_Rabi,VIZIANAGARM,2011-12,Rabi,2448.051948051948
AP_WEST_GODAVARI_2011_12_Kharif,WEST GODAVARI,2011-12,Kharif,3180.8162619763098
AP_WEST_GODAVARI_2011_12_Rabi,WEST GODAVARI,2011-12,Rabi,4406.002315433253
