sample_id,district,year,season,yield_kg_ha,satellite_start,satellite_end,weather_start,weather_end
AP_ANANTPUR_1998_99_Kharif,ANANTPUR,1998-99,Kharif,2527.415143603133,1998-06-01,1998-11-30,1998-06-01,1998-11-30
AP_ANANTPUR_1998_99_Rabi,ANANTPUR,1998-99,Rabi,2402.2556390977443,1998-11-01,1999-04-30,1998-11-01,1999-04-30
AP_CHITTOOR_1998_99_Kharif,CHITTOOR,1998-99,Kharif,2509.5238095238096,1998-06-01,1998-11-30,1998-06-01,1998-11-30
AP_CHITTOOR_1998_99_Rabi,CHITTOOR,1998-99,Rabi,2551.2820512820517,1998-11-01,1999-04-30,1998-11-01,1999-04-30
AP_CUDDAPAH_1998_99_Kharif,CUDDAPAH,1998-99,Kharif,2868.243243243244,1998-06-01,1998-11-30,1998-06-01,1998-11-30
AP_CUDDAPAH_1998_99_Rabi,CUDDAPAH,1998-99,Rabi,2447.058823529412,1998-11-01,1999-04-30,1998-11-01,1999-04-30
AP_EAST_GODAVARI_1998_99_Kharif,EAST GODAVARI,1998-99,Kharif,1508.3886071010534,1998-06-01,1998-11-30,1998-06-01,1998-11-30
AP_EAST_GODAVARI_1998_99_Rabi,EAST GODAVARI,1998-99,Rabi,4166.243654822335,1998-11-01,1999-04-30,1998-11-01,1999-04-30
AP_GUNTUR_1998_99_Kharif,GUNTUR,1998-99,Kharif,3087.8016085790887,1998-06-01,1998-11-30,1998-06-01,1998-11-30
AP_GUNTUR_1998_99_Rabi,GUNTUR,1998-99,Rabi,3432.9896907216494,1998-11-01,1999-04-30,1998-11-01,1999-04-30
AP_KRISHNA_1998_99_Kharif,KRISHNA,1998-99,Kharif,2706.196581196581,1998-06-01,1998-11-30,1998-06-01,1998-11-30
AP_KRISHNA_1998_99_Rabi,KRISHNA,1998-99,Rabi,3652.0446096654273,1998-11-01,1999-04-30,1998-11-01,1999-04-30
AP_KURNOOL_1998_99_Kharif,KURNOOL,1998-99,Kharif,2952.063914780293,1998-06-01,1998-11-30,1998-06-01,1998-11-30
AP_KURNOOL_1998_99_Rabi,KURNOOL,1998-99,Rabi,2129.186602870813,1998-11-01,1999-04-30,1998-11-01,1999-04-30
AP_NELLORE_1998_99_Kharif,NELLORE,1998-99,Kharif,2984.3400447427293,1998-06-01,1998-11-30,1998-06-01,1998-11-30
AP_NELLORE_1998_99_Rabi,NELLORE,1998-99,Rabi,2958.5379159847243,1998-11-01,1999-04-30,1998-11-01,1999-04-30
AP_PRAKASAM_1998_99_Kharif,PRAKASAM,1998-99,Kharif,2866.851595006935,1998-06-01,1998-11-30,1998-06-01,1998-11-30
AP_PRAKASAM_1998_99_Rabi,PRAKASAM,1998-99,Rabi,3372.628726287263,1998-11-01,1999-04-30,1998-11-01,1999-04-30
AP_SRIKAKULAM_1998_99_Kharif,SRIKAKULAM,1998-99,Kharif,1906.8930041152264,1998-06-01,1998-11-30,1998-06-01,1998-11-30
AP_SRIKAKULAM_1998_99_Rabi,SRIKAKULAM,1998-99,Rabi,3750.0,1998-11-01,1999-04-30,1998-11-01,1999-04-30
AP_VISAKHAPATNAM_1998_99_Kharif,VISAKHAPATNAM,1998-99,Kharif,1229.7650130548302,1998-06-01,1998-11-30,1998-06-01,1998-11-30
AP_VISAKHAPATNAM_1998_99_Rabi,VISAKHAPATNAM,1998-99,Rabi,3710.5263157894738,1998-11-01,1999-04-30,1998-11-01,1999-04-30
AP_VIZIANAGARM_1998_99_Kharif,VIZIANAGARM,1998-99,Kharif,2222.556390977444,1998-06-01,1998-11-30,1998-06-01,1998-11-30
AP_VIZIANAGARM_1998_99_Rabi,VIZIANAGARM,1998-99,Rabi,3694.444444444444,1998-11-01,1999-04-30,1998-11-01,1999-04-30
AP_WEST_GODAVARI_1998_99_Kharif,WEST GODAVARI,1998-99,Kharif,2467.175572519084,1998-06-01,1998-11-30,1998-06-01,1998-11-30
AP_WEST_GODAVARI_1998_99_Rabi,WEST GODAVARI,1998-99,Rabi,4370.046320123521,1998-11-01,1999-04-30,1998-11-01,1999-04-30
AP_ANANTPUR_1999_00_Kharif,ANANTPUR,1999-00,Kharif,2765.9708878418573,1999-06-01,1999-11-30,1999-06-01,1999-11-30
AP_ANANTPUR_1999_00_Rabi,ANANTPUR,1999-00,Rabi,2254.368644486129,1999-11-01,2000-04-30,1999-11-01,2000-04-30
AP_CHITTOOR_1999_00_Kharif,CHITTOOR,1999-00,Kharif,2010.4682755314047,1999-06-01,1999-11-30,1999-06-01,1999-11-30
AP_CHITTOOR_1999_00_Rabi,CHITTOOR,1999-00,Rabi,2048.600922937395,1999-11-01,2000-04-30,1999-11-01,2000-04-30
AP_CUDDAPAH_1999_00_Kharif,CUDDAPAH,1999-00,Kharif,2454.849132030009,1999-06-01,1999-11-30,1999-06-01,1999-11-30
AP_CUDDAPAH_1999_00_Rabi,CUDDAPAH,1999-00,Rabi,1892.3550087873464,1999-11-01,2000-04-30,1999-11-01,2000-04-30
AP_EAST_GODAVARI_1999_00_Kharif,EAST GODAVARI,1999-00,Kharif,2569.3568494410497,1999-06-01,1999-11-30,1999-06-01,1999-11-30
AP_EAST_GODAVARI_1999_00_Rabi,EAST GODAVARI,1999-00,Rabi,3993.5500244504833,1999-11-01,2000-04-30,1999-11-01,2000-04-30
AP_GUNTUR_1999_00_Kharif,GUNTUR,1999-00,Kharif,3200.590321110913,1999-06-01,1999-11-30,1999-06-01,1999-11-30
AP_GUNTUR_1999_00_Rabi,GUNTUR,1999-00,Rabi,3587.032789097288,1999-11-01,2000-04-30,1999-11-01,2000-04-30
AP_KRISHNA_1999_00_Kharif,KRISHNA,1999-00,Kharif,2997.2882208214355,1999-06-01,1999-11-30,1999-06-01,1999-11-30
AP_KRISHNA_1999_00_Rabi,KRISHNA,1999-00,Rabi,3578.0995871387463,1999-11-01,2000-04-30,1999-11-01,2000-04-30
AP_KURNOOL_1999_00_Kharif,KURNOOL,1999-00,Kharif,2761.281234688878,1999-06-01,1999-11-30,1999-06-01,1999-11-30
AP_KURNOOL_1999_00_Rabi,KURNOOL,1999-00,Rabi,2871.6814159292035,1999-11-01,2000-04-30,1999-11-01,2000-04-30
AP_NELLORE_1999_00_Kharif,NELLORE,1999-00,Kharif,2986.693759832197,1999-06-01,1999-11-30,1999-06-01,1999-11-30
AP_NELLORE_1999_00_Rabi,NELLORE,1999-00,Rabi,2671.4007386464277,1999-11-01,2000-04-30,1999-11-01,2000-04-30
AP_PRAKASAM_1999_00_Kharif,PRAKASAM,1999-00,Kharif,2715.2830215560843,1999-06-01,1999-11-30,1999-06-01,1999-11-30
AP_PRAKASAM_1999_00_Rabi,PRAKASAM,1999-00,Rabi,2360.2259269381434,1999-11-01,2000-04-30,1999-11-01,2000-04-30
AP_SRIKAKULAM_1999_00_Kharif,SRIKAKULAM,1999-00,Kharif,1711.5279827749475,1999-06-01,1999-11-30,1999-06-01,1999-11-30
AP_SRIKAKULAM_1999_00_Rabi,SRIKAKULAM,1999-00,Rabi,3445.0968878449794,1999-11-01,2000-04-30,1999-11-01,2000-04-30
AP_VISAKHAPATNAM_1999_00_Kharif,VISAKHAPATNAM,1999-00,Kharif,1296.3858685137177,1999-06-01,1999-11-30,1999-06-01,1999-11-30
AP_VISAKHAPATNAM_1999_00_Rabi,VISAKHAPATNAM,1999-00,Rabi,3549.295774647888,1999-11-01,2000-04-30,1999-11-01,2000-04-30
AP_VIZIANAGARM_1999_00_Kharif,VIZIANAGARM,1999-00,Kharif,1897.688845179105,1999-06-01,1999-11-30,1999-06-01,1999-11-30
AP_VIZIANAGARM_1999_00_Rabi,VIZIANAGARM,1999-00,Rabi,3497.732997481108,1999-11-01,2000-04-30,1999-11-01,2000-04-30
AP_WEST_GODAVARI_1999_00_Kharif,WEST GODAVARI,1999-00,Kharif,2566.39321858748,1999-06-01,1999-11-30,1999-06-01,1999-11-30
AP_WEST_GODAVARI_1999_00_Rabi,WEST GODAVARI,1999-00,Rabi,4038.3809863634247,1999-11-01,2000-04-30,1999-11-01,2000-04-30
AP_ANANTPUR_2000_01_Kharif,ANANTPUR,2000-01,Kharif,2949.0038842250347,2000-06-01,2000-11-30,2000-06-01,2000-11-30
AP_ANANTPUR_2000_01_Rabi,ANANTPUR,2000-01,Rabi,2589.9814471243044,2000-11-01,2001-04-30,2000-11-01,2001-04-30
AP_CHITTOOR_2000_01_Kharif,CHITTOOR,2000-01,Kharif,2641.994315490289,2000-06-01,2000-11-30,2000-06-01,2000-11-30
AP_CHITTOOR_2000_01_Rabi,CHITTOOR,2000-01,Rabi,2344.98817624632,2000-11-01,2001-04-30,2000-11-01,2001-04-30
AP_CUDDAPAH_2000_01_Kharif,CUDDAPAH,2000-01,Kharif,2815.996821823479,2000-06-01,2000-11-30,2000-06-01,2000-11-30
AP_CUDDAPAH_2000_01_Rabi,CUDDAPAH,2000-01,Rabi,826.0166980877996,2000-11-01,2001-04-30,2000-11-01,2001-04-30
AP_EAST_GODAVARI_2000_01_Kharif,EAST GODAVARI,2000-01,Kharif,2691.001945142263,2000-06-01,2000-11-30,2000-06-01,2000-11-30
AP_EAST_GODAVARI_2000_01_Rabi,EAST GODAVARI,2000-01,Rabi,4195.000644721573,2000-11-01,2001-04-30,2000-11-01,2001-04-30
AP_GUNTUR_2000_01_Kharif,GUNTUR,2000-01,Kharif,3371.0016080628475,2000-06-01,2000-11-30,2000-06-01,2000-11-30
AP_GUNTUR_2000_01_Rabi,GUNTUR,2000-01,Rabi,3907.973526630949,2000-11-01,2001-04-30,2000-11-01,2001-04-30
AP_KRISHNA_2000_01_Kharif,KRISHNA,2000-01,Kharif,3087.999345994036,2000-06-01,2000-11-30,2000-06-01,2000-11-30
AP_KRISHNA_2000_01_Rabi,KRISHNA,2000-01,Rabi,3616.0011335759896,2000-11-01,2001-04-30,2000-11-01,2001-04-30
AP_KURNOOL_2000_01_Kharif,KURNOOL,2000-01,Kharif,3298.997725028973,2000-06-01,2000-11-30,2000-06-01,2000-11-30
AP_KURNOOL_2000_01_Rabi,KURNOOL,2000-01,Rabi,2738.0113595513694,2000-11-01,2001-04-30,2000-11-01,2001-04-30
AP_NELLORE_2000_01_Kharif,NELLORE,2000-01,Kharif,3117.0036881597352,2000-06-01,2000-11-30,2000-06-01,2000-11-30
AP_NELLORE_2000_01_Rabi,NELLORE,2000-01,Rabi,2765.9990817885555,2000-11-01,2001-04-30,2000-11-01,2001-04-30
AP_PRAKASAM_2000_01_Kharif,PRAKASAM,2000-01,Kharif,3093.990237347088,2000-06-01,2000-11-30,2000-06-01,2000-11-30
AP_PRAKASAM_2000_01_Rabi,PRAKASAM,2000-01,Rabi,3269.99886472707,2000-11-01,2001-04-30,2000-11-01,2001-04-30
AP_SRIKAKULAM_2000_01_Kharif,SRIKAKULAM,2000-01,Kharif,1924.0001735265903,2000-06-01,2000-11-30,2000-06-01,2000-11-30
AP_SRIKAKULAM_2000_01_Rabi,SRIKAKULAM,2000-01,Rabi,1829.090909090909,2000-11-01,2001-04-30,2000-11-01,2001-04-30
AP_VISAKHAPATNAM_2000_01_Kharif,VISAKHAPATNAM,2000-01,Kharif,1590.9978392731628,2000-06-01,2000-11-30,2000-06-01,2000-11-30
AP_VISAKHAPATNAM_2000_01_Rabi,VISAKHAPATNAM,2000-01,Rabi,2250.926237790502,2000-11-01,2001-04-30,2000-11-01,2001-04-30
AP_VIZIANAGARM_2000_01_Kharif,VIZIANAGARM,2000-01,Kharif,1650.0034640165657,2000-06-01,2000-11-30,2000-06-01,2000-11-30
AP_VIZIANAGARM_2000_01_Rabi,VIZIANAGARM,2000-01,Rabi,2772.07582061951,2000-11-01,2001-04-30,2000-11-01,2001-04-30
AP_WEST_GODAVARI_2000_01_Kharif,WEST GODAVARI,2000-01,Kharif,2911.00069255884,2000-06-01,2000-11-30,2000-06-01,2000-11-30
AP_WEST_GODAVARI_2000_01_Rabi,WEST GODAVARI,2000-01,Rabi,4319.001428830171,2000-11-01,2001-04-30,2000-11-01,2001-04-30
AP_ANANTPUR_2001_02_Kharif,ANANTPUR,2001-02,Kharif,2907.993186933512,2001-06-01,2001-11-30,2001-06-01,2001-11-30
AP_ANANTPUR_2001_02_Rabi,ANANTPUR,2001-02,Rabi,2857.000445971825,2001-11-01,2002-04-30,2001-11-01,2002-04-30
AP_CHITTOOR_2001_02_Kharif,CHITTOOR,2001-02,Kharif,2268.9830578003857,2001-06-01,2001-11-30,2001-06-01,2001-11-30
AP_CHITTOOR_2001_02_Rabi,CHITTOOR,2001-02,Rabi,2749.0048187722605,2001-11-01,2002-04-30,2001-11-01,2002-04-30
AP_CUDDAPAH_2001_02_Kharif,CUDDAPAH,2001-02,Kharif,2535.009681302004,2001-06-01,2001-11-30,2001-06-01,2001-11-30
AP_CUDDAPAH_2001_02_Rabi,CUDDAPAH,2001-02,Rabi,2616.005326231691,2001-11-01,2002-04-30,2001-11-01,2002-04-30
AP_EAST_GODAVARI_2001_02_Kharif,EAST GODAVARI,2001-02,Kharif,2626.001422030605,2001-06-01,2001-11-30,2001-06-01,2001-11-30
AP_EAST_GODAVARI_2001_02_Rabi,EAST GODAVARI,2001-02,Rabi,4525.000150803177,2001-11-01,2002-04-30,2001-11-01,2002-04-30
AP_GUNTUR_2001_02_Kharif,GUNTUR,2001-02,Kharif,3431.999354052586,2001-06-01,2001-11-30,2001-06-01,2001-11-30
AP_GUNTUR_2001_02_Rabi,GUNTUR,2001-02,Rabi,4030.990493577042,2001-11-01,2002-04-30,2001-11-01,2002-04-30
AP_KRISHNA_2001_02_Kharif,KRISHNA,2001-02,Kharif,2914.998735282358,2001-06-01,2001-11-30,2001-06-01,2001-11-30
AP_KRISHNA_2001_02_Rabi,KRISHNA,2001-02,Rabi,3641.999756275896,2001-11-01,2002-04-30,2001-11-01,2002-04-30
AP_KURNOOL_2001_02_Kharif,KURNOOL,2001-02,Kharif,2792.007703418392,2001-06-01,2001-11-30,2001-06-01,2001-11-30
AP_KURNOOL_2001_02_Rabi,KURNOOL,2001-02,Rabi,2581.9925580420318,2001-11-01,2002-04-30,2001-11-01,2002-04-30
AP_NELLORE_2001_02_Kharif,NELLORE,2001-02,Kharif,3161.005335743651,2001-06-01,2001-11-30,2001-06-01,2001-11-30
AP_NELLORE_2001_02_Rabi,NELLORE,2001-02,Rabi,3392.0025439224105,2001-11-01,2002-04-30,2001-11-01,2002-04-30
AP_PRAKASAM_2001_02_Kharif,PRAKASAM,2001-02,Kharif,3286.0116059841826,2001-06-01,2001-11-30,2001-06-01,2001-11-30
AP_PRAKASAM_2001_02_Rabi,PRAKASAM,2001-02,Rabi,3622.001126337526,2001-11-01,2002-04-30,2001-11-01,2002-04-30
AP_SRIKAKULAM_2001_02_Kharif,SRIKAKULAM,2001-02,Kharif,2202.001443187094,2001-06-01,2001-11-30,2001-06-01,2001-11-30
AP_SRIKAKULAM_2001_02_Rabi,SRIKAKULAM,2001-02,Rabi,2268.939393939394,2001-11-01,2002-04-30,2001-11-01,2002-04-30
AP_VISAKHAPATNAM_2001_02_Kharif,VISAKHAPATNAM,2001-02,Kharif,1675.002021275367,2001-06-01,2001-11-30,2001-06-01,2001-11-30
AP_VISAKHAPATNAM_2001_02_Rabi,VISAKHAPATNAM,2001-02,Rabi,2026.976495726496,2001-11-01,2002-04-30,2001-11-01,2002-04-30
AP_VIZIANAGARM_2001_02_Kharif,VIZIANAGARM,2001-02,Kharif,1878.0010536614736,2001-06-01,2001-11-30,2001-06-01,2001-11-30
AP_VIZIANAGARM_2001_02_Rabi,VIZIANAGARM,2001-02,Rabi,2609.9896480331263,2001-11-01,2002-04-30,2001-11-01,2002-04-30
AP_WEST_GODAVARI_2001_02_Kharif,WEST GODAVARI,2001-02,Kharif,2588.9996408045977,2001-06-01,2001-11-30,2001-06-01,2001-11-30
AP_WEST_GODAVARI_2001_02_Rabi,WEST GODAVARI,2001-02,Rabi,4681.998119908085,2001-11-01,2002-04-30,2001-11-01,2002-04-30
AP_ANANTPUR_2002_03_Kharif,ANANTPUR,2002-03,Kharif,2282.013348930021,2002-06-01,2002-11-30,2002-06-01,2002-11-30
AP_ANANTPUR_2002_03_Rabi,ANANTPUR,2002-03,Rabi,1866.970802919708,2002-11-01,2003-04-30,2002-11-01,2003-04-30
AP_CHITTOOR_2002_03_Kharif,CHITTOOR,2002-03,Kharif,2483.9847047723097,2002-06-01,2002-11-30,2002-06-01,2002-11-30
AP_CHITTOOR_2002_03_Rabi,CHITTOOR,2002-03,Rabi,2558.000932276753,2002-11-01,2003-04-30,2002-11-01,2003-04-30
AP_CUDDAPAH_2002_03_Kharif,CUDDAPAH,2002-03,Kharif,2054.995083221037,2002-06-01,2002-11-30,2002-06-01,2002-11-30
AP_CUDDAPAH_2002_03_Rabi,CUDDAPAH,2002-03,Rabi,1787.025969792459,2002-11-01,2003-04-30,2002-11-01,2003-04-30
AP_EAST_GODAVARI_2002_03_Kharif,EAST GODAVARI,2002-03,Kharif,2829.001740166009,2002-06-01,2002-11-30,2002-06-01,2002-11-30
AP_EAST_GODAVARI_2002_03_Rabi,EAST GODAVARI,2002-03,Rabi,4622.003814821427,2002-11-01,2003-04-30,2002-11-01,2003-04-30
AP_GUNTUR_2002_03_Kharif,GUNTUR,2002-03,Kharif,3186.998960350426,2002-06-01,2002-11-30,2002-06-01,2002-11-30
AP_GUNTUR_2002_03_Rabi,GUNTUR,2002-03,Rabi,2719.072164948453,2002-11-01,2003-04-30,2002-11-01,2003-04-30
AP_KRISHNA_2002_03_Kharif,KRISHNA,2002-03,Kharif,3120.9995490139804,2002-06-01,2002-11-30,2002-06-01,2002-11-30
AP_KRISHNA_2002_03_Rabi,KRISHNA,2002-03,Rabi,2603.203661327231,2002-11-01,2003-04-30,2002-11-01,2003-04-30
AP_KURNOOL_2002_03_Kharif,KURNOOL,2002-03,Kharif,2095.999833152582,2002-06-01,2002-11-30,2002-06-01,2002-11-30
AP_KURNOOL_2002_03_Rabi,KURNOOL,2002-03,Rabi,2264.9899763076364,2002-11-01,2003-04-30,2002-11-01,2003-04-30
AP_NELLORE_2002_03_Kharif,NELLORE,2002-03,Kharif,3279.9982421832083,2002-06-01,2002-11-30,2002-06-01,2002-11-30
AP_NELLORE_2002_03_Rabi,NELLORE,2002-03,Rabi,3013.997831403128,2002-11-01,2003-04-30,2002-11-01,2003-04-30
AP_PRAKASAM_2002_03_Kharif,PRAKASAM,2002-03,Kharif,2437.0066472787703,2002-06-01,2002-11-30,2002-06-01,2002-11-30
AP_PRAKASAM_2002_03_Rabi,PRAKASAM,2002-03,Rabi,2256.9932717478314,2002-11-01,2003-04-30,2002-11-01,2003-04-30
AP_SRIKAKULAM_2002_03_Kharif,SRIKAKULAM,2002-03,Kharif,1747.0028991563715,2002-06-01,2002-11-30,2002-06-01,2002-11-30
AP_SRIKAKULAM_2002_03_Rabi,SRIKAKULAM,2002-03,Rabi,2534.8101265822784,2002-11-01,2003-04-30,2002-11-01,2003-04-30
AP_VISAKHAPATNAM_2002_03_Kharif,VISAKHAPATNAM,2002-03,Kharif,989.9941901749404,2002-06-01,2002-11-30,2002-06-01,2002-11-30
AP_VISAKHAPATNAM_2002_03_Rabi,VISAKHAPATNAM,2002-03,Rabi,1538.9546351084812,2002-11-01,2003-04-30,2002-11-01,2003-04-30
AP_VIZIANAGARM_2002_03_Kharif,VIZIANAGARM,2002-03,Kharif,1228.0014894409278,2002-06-01,2002-11-30,2002-06-01,2002-11-30
AP_VIZIANAGARM_2002_03_Rabi,VIZIANAGARM,2002-03,Rabi,2622.895622895623,2002-11-01,2003-04-30,2002-11-01,2003-04-30
AP_WEST_GODAVARI_2002_03_Kharif,WEST GODAVARI,2002-03,Kharif,3072.000522013106,2002-06-01,2002-11-30,2002-06-01,2002-11-30
AP_WEST_GODAVARI_2002_03_Rabi,WEST GODAVARI,2002-03,Rabi,4326.998308761979,2002-11-01,2003-04-30,2002-11-01,2003-04-30
AP_ANANTPUR_2003_04_Kharif,ANANTPUR,2003-04,Kharif,2563.0031401655724,2003-06-01,2003-11-30,2003-06-01,2003-11-30
AP_ANANTPUR_2003_04_Rabi,ANANTPUR,2003-04,Rabi,2352.0229078145207,2003-11-01,2004-04-30,2003-11-01,2004-04-30
AP_CHITTOOR_2003_04_Kharif,CHITTOOR,2003-04,Kharif,2084.9959448499594,2003-06-01,2003-11-30,2003-06-01,2003-11-30
AP_CHITTOOR_2003_04_Rabi,CHITTOOR,2003-04,Rabi,1712.013486769772,2003-11-01,2004-04-30,2003-11-01,2004-04-30
AP_CUDDAPAH_2003_04_Kharif,CUDDAPAH,2003-04,Kharif,2570.0034252440487,2003-06-01,2003-11-30,2003-06-01,2003-11-30
AP_CUDDAPAH_2003_04_Rabi,CUDDAPAH,2003-04,Rabi,2232.005201077366,2003-11-01,2004-04-30,2003-11-01,2004-04-30
AP_EAST_GODAVARI_2003_04_Kharif,EAST GODAVARI,2003-04,Kharif,3249.001802508171,2003-06-01,2003-11-30,2003-06-01,2003-11-30
AP_EAST_GODAVARI_2003_04_Rabi,EAST GODAVARI,2003-04,Rabi,5256.9969937273545,2003-11-01,2004-04-30,2003-11-01,2004-04-30
AP_GUNTUR_2003_04_Kharif,GUNTUR,2003-04,Kharif,2833.001929765906,2003-06-01,2003-11-30,2003-06-01,2003-11-30
AP_GUNTUR_2003_04_Rabi,GUNTUR,2003-04,Rabi,2917.013167013167,2003-11-01,2004-04-30,2003-11-01,2004-04-30
AP_KRISHNA_2003_04_Kharif,KRISHNA,2003-04,Kharif,2367.999748164071,2003-06-01,2003-11-30,2003-06-01,2003-11-30
AP_KRISHNA_2003_04_Rabi,KRISHNA,2003-04,Rabi,2586.0272508682874,2003-11-01,2004-04-30,2003-11-01,2004-04-30
AP_KURNOOL_2003_04_Kharif,KURNOOL,2003-04,Kharif,2907.013692298804,2003-06-01,2003-11-30,2003-06-01,2003-11-30
AP_KURNOOL_2003_04_Rabi,KURNOOL,2003-04,Rabi,2290.9786548530005,2003-11-01,2004-04-30,2003-11-01,2004-04-30
AP_NELLORE_2003_04_Kharif,NELLORE,2003-04,Kharif,2781.996086105675,2003-06-01,2003-11-30,2003-06-01,2003-11-30
AP_NELLORE_2003_04_Rabi,NELLORE,2003-04,Rabi,2659.0187621779014,2003-11-01,2004-04-30,2003-11-01,2004-04-30
AP_PRAKASAM_2003_04_Kharif,PRAKASAM,2003-04,Kharif,2872.033376650024,2003-06-01,2003-11-30,2003-06-01,2003-11-30
AP_PRAKASAM_2003_04_Rabi,PRAKASAM,2003-04,Rabi,2517.001619201829,2003-11-01,2004-04-30,2003-11-01,2004-04-30
AP_SRIKAKULAM_2003_04_Kharif,SRIKAKULAM,2003-04,Kharif,2241.001174164139,2003-06-01,2003-11-30,2003-06-01,2003-11-30
AP_SRIKAKULAM_2003_04_Rabi,SRIKAKULAM,2003-04,Rabi,2039.9274047186927,2003-11-01,2004-04-30,2003-11-01,2004-04-30
AP_VISAKHAPATNAM_2003_04_Kharif,VISAKHAPATNAM,2003-04,Kharif,1615.995087155747,2003-06-01,2003-11-30,2003-06-01,2003-11-30
AP_VISAKHAPATNAM_2003_04_Rabi,VISAKHAPATNAM,2003-04,Rabi,1971.9767735420348,2003-11-01,2004-04-30,2003-11-01,2004-04-30
AP_VIZIANAGARM_2003_04_Kharif,VIZIANAGARM,2003-04,Kharif,2100.999135186855,2003-06-01,2003-11-30,2003-06-01,2003-11-30
AP_VIZIANAGARM_2003_04_Rabi,VIZIANAGARM,2003-04,Rabi,2437.0150616157007,2003-11-01,2004-04-30,2003-11-01,2004-04-30
AP_WEST_GODAVARI_2003_04_Kharif,WEST GODAVARI,2003-04,Kharif,3498.998858914462,2003-06-01,2003-11-30,2003-06-01,2003-11-30
AP_WEST_GODAVARI_2003_04_Rabi,WEST GODAVARI,2003-04,Rabi,4871.999011141514,2003-11-01,2004-04-30,2003-11-01,2004-04-30
AP_ANANTPUR_2004_05_Kharif,ANANTPUR,2004-05,Kharif,3495.007191288268,2004-06-01,2004-11-30,2004-06-01,2004-11-30
AP_ANANTPUR_2004_05_Rabi,ANANTPUR,2004-05,Rabi,2340.04329004329,2004-11-01,2005-04-30,2004-11-01,2005-04-30
AP_CHITTOOR_2004_05_Kharif,CHITTOOR,2004-05,Kharif,2273.9963264235107,2004-06-01,2004-11-30,2004-06-01,2004-11-30
AP_CHITTOOR_2004_05_Rabi,CHITTOOR,2004-05,Rabi,2678.9946557199287,2004-11-01,2005-04-30,2004-11-01,2005-04-30
AP_CUDDAPAH_2004_05_Kharif,CUDDAPAH,2004-05,Kharif,3187.9953975965227,2004-06-01,2004-11-30,2004-06-01,2004-11-30
AP_CUDDAPAH_2004_05_Rabi,CUDDAPAH,2004-05,Rabi,2008.0857795746176,2004-11-01,2005-04-30,2004-11-01,2005-04-30
AP_EAST_GODAVARI_2004_05_Kharif,EAST GODAVARI,2004-05,Kharif,3312.001995359009,2004-06-01,2004-11-30,2004-06-01,2004-11-30
AP_EAST_GODAVARI_2004_05_Rabi,EAST GODAVARI,2004-05,Rabi,4704.001767923242,2004-11-01,2005-04-30,2004-11-01,2005-04-30
AP_GUNTUR_2004_05_Kharif,GUNTUR,2004-05,Kharif,3468.998019999667,2004-06-01,2004-11-30,2004-06-01,2004-11-30
AP_GUNTUR_2004_05_Rabi,GUNTUR,2004-05,Rabi,3337.97712618252,2004-11-01,2005-04-30,2004-11-01,2005-04-30
AP_KRISHNA_2004_05_Kharif,KRISHNA,2004-05,Kharif,3281.000057071576,2004-06-01,2004-11-30,2004-06-01,2004-11-30
AP_KRISHNA_2004_05_Rabi,KRISHNA,2004-05,Rabi,3153.039832285115,2004-11-01,2005-04-30,2004-11-01,2005-04-30
AP_KURNOOL_2004_05_Kharif,KURNOOL,2004-05,Kharif,3427.999674611568,2004-06-01,2004-11-30,2004-06-01,2004-11-30
AP_KURNOOL_2004_05_Rabi,KURNOOL,2004-05,Rabi,3114.032177807265,2004-11-01,2005-04-30,2004-11-01,2005-04-30
AP_NELLORE_2004_05_Kharif,NELLORE,2004-05,Kharif,2920.00413950119,2004-06-01,2004-11-30,2004-06-01,2004-11-30
AP_NELLORE_2004_05_Rabi,NELLORE,2004-05,Rabi,3446.001397674127,2004-11-01,2005-04-30,2004-11-01,2005-04-30
AP_PRAKASAM_2004_05_Kharif,PRAKASAM,2004-05,Kharif,3478.986695826499,2004-06-01,2004-11-30,2004-06-01,2004-11-30
AP_PRAKASAM_2004_05_Rabi,PRAKASAM,2004-05,Rabi,3334.003689478937,2004-11-01,2005-04-30,2004-11-01,2005-04-30
AP_SRIKAKULAM_2004_05_Kharif,SRIKAKULAM,2004-05,Kharif,2351.010246599754,2004-06-01,2004-11-30,2004-06-01,2004-11-30
AP_SRIKAKULAM_2004_05_Rabi,SRIKAKULAM,2004-05,Rabi,2612.829845313922,2004-11-01,2005-04-30,2004-11-01,2005-04-30
AP_VISAKHAPATNAM_2004_05_Kharif,VISAKHAPATNAM,2004-05,Kharif,1689.001649384895,2004-06-01,2004-11-30,2004-06-01,2004-11-30
AP_VISAKHAPATNAM_2004_05_Rabi,VISAKHAPATNAM,2004-05,Rabi,1412.0564669973292,2004-11-01,2005-04-30,2004-11-01,2005-04-30
AP_VIZIANAGARM_2004_05_Kharif,VIZIANAGARM,2004-05,Kharif,2326.9997204584483,2004-06-01,2004-11-30,2004-06-01,2004-11-30
AP_VIZIANAGARM_2004_05_Rabi,VIZIANAGARM,2004-05,Rabi,1678.902953586498,2004-11-01,2005-04-30,2004-11-01,2005-04-30
AP_WEST_GODAVARI_2004_05_Kharif,WEST GODAVARI,2004-05,Kharif,3447.9988535631664,2004-06-01,2004-11-30,2004-06-01,2004-11-30
AP_WEST_GODAVARI_2004_05_Rabi,WEST GODAVARI,2004-05,Rabi,4593.999806555493,2004-11-01,2005-04-30,2004-11-01,2005-04-30
AP_ANANTPUR_2005_06_Kharif,ANANTPUR,2005-06,Kharif,2797.984644913628,2005-06-01,2005-11-30,2005-06-01,2005-11-30
AP_ANANTPUR_2005_06_Rabi,ANANTPUR,2005-06,Rabi,2401.9963702359346,2005-11-01,2006-04-30,2005-11-01,2006-04-30
AP_CHITTOOR_2005_06_Kharif,CHITTOOR,2005-06,Kharif,2288.977832512315,2005-06-01,2005-11-30,2005-06-01,2005-11-30
AP_CHITTOOR_2005_06_Rabi,CHITTOOR,2005-06,Rabi,2917.996714442887,2005-11-01,2006-04-30,2005-11-01,2006-04-30
AP_CUDDAPAH_2005_06_Kharif,CUDDAPAH,2005-06,Kharif,1884.0108876986567,2005-06-01,2005-11-30,2005-06-01,2005-11-30
AP_CUDDAPAH_2005_06_Rabi,CUDDAPAH,2005-06,Rabi,2632.0233995376702,2005-11-01,2006-04-30,2005-11-01,2006-04-30
AP_EAST_GODAVARI_2005_06_Kharif,EAST GODAVARI,2005-06,Kharif,1603.9988777016802,2005-06-01,2005-11-30,2005-06-01,2005-11-30
AP_EAST_GODAVARI_2005_06_Rabi,EAST GODAVARI,2005-06,Rabi,4711.002752746865,2005-11-01,2006-04-30,2005-11-01,2006-04-30
AP_GUNTUR_2005_06_Kharif,GUNTUR,2005-06,Kharif,3089.9996192177346,2005-06-01,2005-11-30,2005-06-01,2005-11-30
AP_GUNTUR_2005_06_Rabi,GUNTUR,2005-06,Rabi,3548.991537825285,2005-11-01,2006-04-30,2005-11-01,2006-04-30
AP_KRISHNA_2005_06_Kharif,KRISHNA,2005-06,Kharif,2734.9981758911654,2005-06-01,2005-11-30,2005-06-01,2005-11-30
AP_KRISHNA_2005_06_Rabi,KRISHNA,2005-06,Rabi,3924.00222367059,2005-11-01,2006-04-30,2005-11-01,2006-04-30
AP_KURNOOL_2005_06_Kharif,KURNOOL,2005-06,Kharif,3304.0031618768,2005-06-01,2005-11-30,2005-06-01,2005-11-30
AP_KURNOOL_2005_06_Rabi,KURNOOL,2005-06,Rabi,3286.0202201304846,2005-11-01,2006-04-30,2005-11-01,2006-04-30
AP_NELLORE_2005_06_Kharif,NELLORE,2005-06,Kharif,3059.9911288534045,2005-06-01,2005-11-30,2005-06-01,2005-11-30
AP_NELLORE_2005_06_Rabi,NELLORE,2005-06,Rabi,3763.000142351757,2005-11-01,2006-04-30,2005-11-01,2006-04-30
AP_PRAKASAM_2005_06_Kharif,PRAKASAM,2005-06,Kharif,2653.99889685604,2005-06-01,2005-11-30,2005-06-01,2005-11-30
AP_PRAKASAM_2005_06_Rabi,PRAKASAM,2005-06,Rabi,3588.002525784045,2005-11-01,2006-04-30,2005-11-01,2006-04-30
AP_SRIKAKULAM_2005_06_Kharif,SRIKAKULAM,2005-06,Kharif,1767.9991662378436,2005-06-01,2005-11-30,2005-06-01,2005-11-30
AP_SRIKAKULAM_2005_06_Rabi,SRIKAKULAM,2005-06,Rabi,2384.9421760679725,2005-11-01,2006-04-30,2005-11-01,2006-04-30
AP_VISAKHAPATNAM_2005_06_Kharif,VISAKHAPATNAM,2005-06,Kharif,1474.0000943307234,2005-06-01,2005-11-30,2005-06-01,2005-11-30
AP_VISAKHAPATNAM_2005_06_Rabi,VISAKHAPATNAM,2005-06,Rabi,1851.086103114368,2005-11-01,2006-04-30,2005-11-01,2006-04-30
AP_VIZIANAGARM_2005_06_Kharif,VIZIANAGARM,2005-06,Kharif,1389.9995759837177,2005-06-01,2005-11-30,2005-06-01,2005-11-30
AP_VIZIANAGARM_2005_06_Rabi,VIZIANAGARM,2005-06,Rabi,2541.0666666666666,2005-11-01,2006-04-30,2005-11-01,2006-04-30
AP_WEST_GODAVARI_2005_06_Kharif,WEST GODAVARI,2005-06,Kharif,1877.0003273890525,2005-06-01,2005-11-30,2005-06-01,2005-11-30
AP_WEST_GODAVARI_2005_06_Rabi,WEST GODAVARI,2005-06,Rabi,4609.999116869354,2005-11-01,2006-04-30,2005-11-01,2006-04-30
AP_ANANTPUR_2006_07_Kharif,ANANTPUR,2006-07,Kharif,3017.002997896998,2006-06-01,2006-11-30,2006-06-01,2006-11-30
AP_ANANTPUR_2006_07_Rabi,ANANTPUR,2006-07,Rabi,2947.999262400885,2006-11-01,2007-04-30,2006-11-01,2007-04-30
AP_CHITTOOR_2006_07_Kharif,CHITTOOR,2006-07,Kharif,2493.987917179893,2006-06-01,2006-11-30,2006-06-01,2006-11-30
AP_CHITTOOR_2006_07_Rabi,CHITTOOR,2006-07,Rabi,2918.015361404471,2006-11-01,2007-04-30,2006-11-01,2007-04-30
AP_CUDDAPAH_2006_07_Kharif,CUDDAPAH,2006-07,Kharif,2732.0082084566197,2006-06-01,2006-11-30,2006-06-01,2006-11-30
AP_CUDDAPAH_2006_07_Rabi,CUDDAPAH,2006-07,Rabi,2193.916349809886,2006-11-01,2007-04-30,2006-11-01,2007-04-30
AP_EAST_GODAVARI_2006_07_Kharif,EAST GODAVARI,2006-07,Kharif,2403.000921335498,2006-06-01,2006-11-30,2006-06-01,2006-11-30
AP_EAST_GODAVARI_2006_07_Rabi,EAST GODAVARI,2006-07,Rabi,5006.001313897125,2006-11-01,2007-04-30,2006-11-01,2007-04-30
AP_GUNTUR_2006_07_Kharif,GUNTUR,2006-07,Kharif,2716.0006651930794,2006-06-01,2006-11-30,2006-06-01,2006-11-30
AP_GUNTUR_2006_07_Rabi,GUNTUR,2006-07,Rabi,3488.99180866139,2006-11-01,2007-04-30,2006-11-01,2007-04-30
AP_KRISHNA_2006_07_Kharif,KRISHNA,2006-07,Kharif,2073.001555086246,2006-06-01,2006-11-30,2006-06-01,2006-11-30
AP_KRISHNA_2006_07_Rabi,KRISHNA,2006-07,Rabi,3749.003816069659,2006-11-01,2007-04-30,2006-11-01,2007-04-30
AP_KURNOOL_2006_07_Kharif,KURNOOL,2006-07,Kharif,3349.006097258712,2006-06-01,2006-11-30,2006-06-01,2006-11-30
AP_KURNOOL_2006_07_Rabi,KURNOOL,2006-07,Rabi,2947.014028056112,2006-11-01,2007-04-30,2006-11-01,2007-04-30
AP_NELLORE_2006_07_Kharif,NELLORE,2006-07,Kharif,3282.9978187388647,2006-06-01,2006-11-30,2006-06-01,2006-11-30
AP_NELLORE_2006_07_Rabi,NELLORE,2006-07,Rabi,3626.999444636897,2006-11-01,2007-04-30,2006-11-01,2007-04-30
AP_PRAKASAM_2006_07_Kharif,PRAKASAM,2006-07,Kharif,3030.0065548299385,2006-06-01,2006-11-30,2006-06-01,2006-11-30
AP_PRAKASAM_2006_07_Rabi,PRAKASAM,2006-07,Rabi,3721.001564945227,2006-11-01,2007-04-30,2006-11-01,2007-04-30
AP_SRIKAKULAM_2006_07_Kharif,SRIKAKULAM,2006-07,Kharif,2535.0010825077065,2006-06-01,2006-11-30,2006-06-01,2006-11-30
AP_SRIKAKULAM_2006_07_Rabi,SRIKAKULAM,2006-07,Rabi,2108.905109489051,2006-11-01,2007-04-30,2006-11-01,2007-04-30
AP_VISAKHAPATNAM_2006_07_Kharif,VISAKHAPATNAM,2006-07,Kharif,1911.996821749541,2006-06-01,2006-11-30,2006-06-01,2006-11-30
AP_VISAKHAPATNAM_2006_07_Rabi,VISAKHAPATNAM,2006-07,Rabi,2027.926549349656,2006-11-01,2007-04-30,2006-11-01,2007-04-30
AP_VIZIANAGARM_2006_07_Kharif,VIZIANAGARM,2006-07,Kharif,2396.996219732316,2006-06-01,2006-11-30,2006-06-01,2006-11-30
AP_VIZIANAGARM_2006_07_Rabi,VIZIANAGARM,2006-07,Rabi,1803.0,2006-11-01,2007-04-30,2006-11-01,2007-04-30
AP_WEST_GODAVARI_2006_07_Kharif,WEST GODAVARI,2006-07,Kharif,2780.998711445301,2006-06-01,2006-11-30,2006-06-01,2006-11-30
AP_WEST_GODAVARI_2006_07_Rabi,WEST GODAVARI,2006-07,Rabi,4635.00243638906,2006-11-01,2007-04-30,2006-11-01,2007-04-30
AP_ANANTPUR_2007_08_Kharif,ANANTPUR,2007-08,Kharif,3166.6666666666665,2007-06-01,2007-11-30,2007-06-01,2007-11-30
AP_ANANTPUR_2007_08_Rabi,ANANTPUR,2007-08,Rabi,2642.8571428571427,2007-11-01,2008-04-30,2007-11-01,2008-04-30
AP_CHITTOOR_2007_08_Kharif,CHITTOOR,2007-08,Kharif,2800.0,2007-06-01,2007-11-30,2007-06-01,2007-11-30
AP_CHITTOOR_2007_08_Rabi,CHITTOOR,2007-08,Rabi,3135.135135135135,2007-11-01,2008-04-30,2007-11-01,2008-04-30
AP_CUDDAPAH_2007_08_Kharif,CUDDAPAH,2007-08,Kharif,3088.8888888888887,2007-06-01,2007-11-30,2007-06-01,2007-11-30
AP_CUDDAPAH_2007_08_Rabi,CUDDAPAH,2007-08,Rabi,2647.058823529412,2007-11-01,2008-04-30,2007-11-01,2008-04-30
AP_EAST_GODAVARI_2007_08_Kharif,EAST GODAVARI,2007-08,Kharif,2954.5454545454545,2007-06-01,2007-11-30,2007-06-01,2007-11-30
AP_EAST_GODAVARI_2007_08_Rabi,EAST GODAVARI,2007-08,Rabi,4751.4792899408285,2007-11-01,2008-04-30,2007-11-01,2008-04-30
AP_GUNTUR_2007_08_Kharif,GUNTUR,2007-08,Kharif,3448.763250883392,2007-06-01,2007-11-30,2007-06-01,2007-11-30
AP_GUNTUR_2007_08_Rabi,GUNTUR,2007-08,Rabi,3541.6666666666665,2007-11-01,2008-04-30,2007-11-01,2008-04-30
AP_KRISHNA_2007_08_Kharif,KRISHNA,2007-08,Kharif,3616.8582375478927,2007-06-01,2007-11-30,2007-06-01,2007-11-30
AP_KRISHNA_2007_08_Rabi,KRISHNA,2007-08,Rabi,3776.595744680851,2007-11-01,2008-04-30,2007-11-01,2008-04-30
AP_KURNOOL_2007_08_Kharif,KURNOOL,2007-08,Kharif,3688.8888888888887,2007-06-01,2007-11-30,2007-06-01,2007-11-30
AP_KURNOOL_2007_08_Rabi,KURNOOL,2007-08,Rabi,2684.2105263157896,2007-11-01,2008-04-30,2007-11-01,2008-04-30
AP_NELLORE_2007_08_Kharif,NELLORE,2007-08,Kharif,3521.7391304347825,2007-06-01,2007-11-30,2007-06-01,2007-11-30
AP_NELLORE_2007_08_Rabi,NELLORE,2007-08,Rabi,3696.808510638298,2007-11-01,2008-04-30,2007-11-01,2008-04-30
AP_PRAKASAM_2007_08_Kharif,PRAKASAM,2007-08,Kharif,3680.851063829787,2007-06-01,2007-11-30,2007-06-01,2007-11-30
AP_PRAKASAM_2007_08_Rabi,PRAKASAM,2007-08,Rabi,3587.5,2007-11-01,2008-04-30,2007-11-01,2008-04-30
AP_SRIKAKULAM_2007_08_Kharif,SRIKAKULAM,2007-08,Kharif,3049.7512437810947,2007-06-01,2007-11-30,2007-06-01,2007-11-30
AP_SRIKAKULAM_2007_08_Rabi,SRIKAKULAM,2007-08,Rabi,3000.0,2007-11-01,2008-04-30,2007-11-01,2008-04-30
AP_VISAKHAPATNAM_2007_08_Kharif,VISAKHAPATNAM,2007-08,Kharif,2031.25,2007-06-01,2007-11-30,2007-06-01,2007-11-30
AP_VISAKHAPATNAM_2007_08_Rabi,VISAKHAPATNAM,2007-08,Rabi,2000.0,2007-11-01,2008-04-30,2007-11-01,2008-04-30
AP_VIZIANAGARM_2007_08_Kharif,VIZIANAGARM,2007-08,Kharif,2919.3548387096776,2007-06-01,2007-11-30,2007-06-01,2007-11-30
AP_VIZIANAGARM_2007_08_Rabi,VIZIANAGARM,2007-08,Rabi,2333.333333333333,2007-11-01,2008-04-30,2007-11-01,2008-04-30
AP_WEST_GODAVARI_2007_08_Kharif,WEST GODAVARI,2007-08,Kharif,3248.031496062992,2007-06-01,2007-11-30,2007-06-01,2007-11-30
AP_WEST_GODAVARI_2007_08_Rabi,WEST GODAVARI,2007-08,Rabi,4239.583333333333,2007-11-01,2008-04-30,2007-11-01,2008-04-30
AP_ANANTPUR_2008_09_Kharif,ANANTPUR,2008-09,Kharif,3121.989045073583,2008-06-01,2008-11-30,2008-06-01,2008-11-30
AP_ANANTPUR_2008_09_Rabi,ANANTPUR,2008-09,Rabi,2704.984795829713,2008-11-01,2009-04-30,2008-11-01,2009-04-30
AP_CHITTOOR_2008_09_Kharif,CHITTOOR,2008-09,Kharif,2627.9836326437826,2008-06-01,2008-11-30,2008-06-01,2008-11-30
AP_CHITTOOR_2008_09_Rabi,CHITTOOR,2008-09,Rabi,3128.0090700556334,2008-11-01,2009-04-30,2008-11-01,2009-04-30
AP_CUDDAPAH_2008_09_Kharif,CUDDAPAH,2008-09,Kharif,1737.0025705916346,2008-06-01,2008-11-30,2008-06-01,2008-11-30
AP_CUDDAPAH_2008_09_Rabi,CUDDAPAH,2008-09,Rabi,2773.0296311227576,2008-11-01,2009-04-30,2008-11-01,2009-04-30
AP_EAST_GODAVARI_2008_09_Kharif,EAST GODAVARI,2008-09,Kharif,2982.999696125812,2008-06-01,2008-11-30,2008-06-01,2008-11-30
AP_EAST_GODAVARI_2008_09_Rabi,EAST GODAVARI,2008-09,Rabi,4689.9994701550095,2008-11-01,2009-04-30,2008-11-01,2009-04-30
AP_GUNTUR_2008_09_Kharif,GUNTUR,2008-09,Kharif,3407.998834776245,2008-06-01,2008-11-30,2008-06-01,2008-11-30
AP_GUNTUR_2008_09_Rabi,GUNTUR,2008-09,Rabi,3653.9974298064567,2008-11-01,2009-04-30,2008-11-01,2009-04-30
AP_KRISHNA_2008_09_Kharif,KRISHNA,2008-09,Kharif,3503.0013363614457,2008-06-01,2008-11-30,2008-06-01,2008-11-30
AP_KRISHNA_2008_09_Rabi,KRISHNA,2008-09,Rabi,3877.999254071526,2008-11-01,2009-04-30,2008-11-01,2009-04-30
AP_KURNOOL_2008_09_Kharif,KURNOOL,2008-09,Kharif,3329.003402088835,2008-06-01,2008-11-30,2008-06-01,2008-11-30
AP_KURNOOL_2008_09_Rabi,KURNOOL,2008-09,Rabi,3545.009677537158,2008-11-01,2009-04-30,2008-11-01,2009-04-30
AP_NELLORE_2008_09_Kharif,NELLORE,2008-09,Kharif,3583.998896264161,2008-06-01,2008-11-30,2008-06-01,2008-11-30
AP_NELLORE_2008_09_Rabi,NELLORE,2008-09,Rabi,3976.998133997728,2008-11-01,2009-04-30,2008-11-01,2009-04-30
AP_PRAKASAM_2008_09_Kharif,PRAKASAM,2008-09,Kharif,3536.998777248388,2008-06-01,2008-11-30,2008-06-01,2008-11-30
AP_PRAKASAM_2008_09_Rabi,PRAKASAM,2008-09,Rabi,3746.000929047012,2008-11-01,2009-04-30,2008-11-01,2009-04-30
AP_SRIKAKULAM_2008_09_Kharif,SRIKAKULAM,2008-09,Kharif,2010.0013781426571,2008-06-01,2008-11-30,2008-06-01,2008-11-30
AP_SRIKAKULAM_2008_09_Rabi,SRIKAKULAM,2008-09,Rabi,2320.959880014998,2008-11-01,2009-04-30,2008-11-01,2009-04-30
AP_VISAKHAPATNAM_2008_09_Kharif,VISAKHAPATNAM,2008-09,Kharif,1682.9982491094609,2008-06-01,2008-11-30,2008-06-01,2008-11-30
AP_VISAKHAPATNAM_2008_09_Rabi,VISAKHAPATNAM,2008-09,Rabi,1899.9626726390445,2008-11-01,2009-04-30,2008-11-01,2009-04-30
AP_VIZIANAGARM_2008_09_Kharif,VIZIANAGARM,2008-09,Kharif,2387.9997518687387,2008-06-01,2008-11-30,2008-06-01,2008-11-30
AP_VIZIANAGARM_2008_09_Rabi,VIZIANAGARM,2008-09,Rabi,2385.250737463127,2008-11-01,2009-04-30,2008-11-01,2009-04-30
AP_WEST_GODAVARI_2008_09_Kharif,WEST GODAVARI,2008-09,Kharif,3047.9987785972658,2008-06-01,2008-11-30,2008-06-01,2008-11-30
AP_WEST_GODAVARI_2008_09_Rabi,WEST GODAVARI,2008-09,Rabi,4214.000020511348,2008-11-01,2009-04-30,2008-11-01,2009-04-30
AP_ANANTPUR_2009_10_Kharif,ANANTPUR,2009-10,Kharif,3150.003103084466,2009-06-01,2009-11-30,2009-06-01,2009-11-30
AP_ANANTPUR_2009_10_Rabi,ANANTPUR,2009-10,Rabi,2413.990117356393,2009-11-01,2010-04-30,2009-11-01,2010-04-30
AP_CHITTOOR_2009_10_Kharif,CHITTOOR,2009-10,Kharif,2844.0125518777204,2009-06-01,2009-11-30,2009-06-01,2009-11-30
AP_CHITTOOR_2009_10_Rabi,CHITTOOR,2009-10,Rabi,3240.989901863177,2009-11-01,2010-04-30,2009-11-01,2010-04-30
AP_CUDDAPAH_2009_10_Kharif,CUDDAPAH,2009-10,Kharif,2933.006504778437,2009-06-01,2009-11-30,2009-06-01,2009-11-30
AP_CUDDAPAH_2009_10_Rabi,CUDDAPAH,2009-10,Rabi,2649.992244454785,2009-11-01,2010-04-30,2009-11-01,2010-04-30
AP_EAST_GODAVARI_2009_10_Kharif,EAST GODAVARI,2009-10,Kharif,3050.001731361889,2009-06-01,2009-11-30,2009-06-01,2009-11-30
AP_EAST_GODAVARI_2009_10_Rabi,EAST GODAVARI,2009-10,Rabi,4371.996590789386,2009-11-01,2010-04-30,2009-11-01,2010-04-30
AP_GUNTUR_2009_10_Kharif,GUNTUR,2009-10,Kharif,3585.9987613239136,2009-06-01,2009-11-30,2009-06-01,2009-11-30
AP_GUNTUR_2009_10_Rabi,GUNTUR,2009-10,Rabi,3412.997810257962,2009-11-01,2010-04-30,2009-11-01,2010-04-30
AP_KRISHNA_2009_10_Kharif,KRISHNA,2009-10,Kharif,3437.0015250048205,2009-06-01,2009-11-30,2009-06-01,2009-11-30
AP_KRISHNA_2009_10_Rabi,KRISHNA,2009-10,Rabi,3918.998174139171,2009-11-01,2010-04-30,2009-11-01,2010-04-30
AP_KURNOOL_2009_10_Kharif,KURNOOL,2009-10,Kharif,3131.0006348586217,2009-06-01,2009-11-30,2009-06-01,2009-11-30
AP_KURNOOL_2009_10_Rabi,KURNOOL,2009-10,Rabi,3527.0034843205576,2009-11-01,2010-04-30,2009-11-01,2010-04-30
AP_NELLORE_2009_10_Kharif,NELLORE,2009-10,Kharif,3243.997996877485,2009-06-01,2009-11-30,2009-06-01,2009-11-30
AP_NELLORE_2009_10_Rabi,NELLORE,2009-10,Rabi,3938.997854195876,2009-11-01,2010-04-30,2009-11-01,2010-04-30
AP_PRAKASAM_2009_10_Kharif,PRAKASAM,2009-10,Kharif,3572.0137140083134,2009-06-01,2009-11-30,2009-06-01,2009-11-30
AP_PRAKASAM_2009_10_Rabi,PRAKASAM,2009-10,Rabi,3858.998337489609,2009-11-01,2010-04-30,2009-11-01,2010-04-30
AP_SRIKAKULAM_2009_10_Kharif,SRIKAKULAM,2009-10,Kharif,2100.00112957336,2009-06-01,2009-11-30,2009-06-01,2009-11-30
AP_SRIKAKULAM_2009_10_Rabi,SRIKAKULAM,2009-10,Rabi,2365.952732644018,2009-11-01,2010-04-30,2009-11-01,2010-04-30
AP_VISAKHAPATNAM_2009_10_Kharif,VISAKHAPATNAM,2009-10,Kharif,1055.9995110547466,2009-06-01,2009-11-30,2009-06-01,2009-11-30
AP_VISAKHAPATNAM_2009_10_Rabi,VISAKHAPATNAM,2009-10,Rabi,1516.1398789509078,2009-11-01,2010-04-30,2009-11-01,2010-04-30
AP_VIZIANAGARM_2009_10_Kharif,VIZIANAGARM,2009-10,Kharif,2198.000956480153,2009-06-01,2009-11-30,2009-06-01,2009-11-30
AP_VIZIANAGARM_2009_10_Rabi,VIZIANAGARM,2009-10,Rabi,2521.042628292153,2009-11-01,2010-04-30,2009-11-01,2010-04-30
AP_WEST_GODAVARI_2009_10_Kharif,WEST GODAVARI,2009-10,Kharif,3101.001939996336,2009-06-01,2009-11-30,2009-06-01,2009-11-30
AP_WEST_GODAVARI_2009_10_Rabi,WEST GODAVARI,2009-10,Rabi,3931.999308496845,2009-11-01,2010-04-30,2009-11-01,2010-04-30
AP_ANANTPUR_2010_11_Kharif,ANANTPUR,2010-11,Kharif,2916.7357675921426,2010-06-01,2010-11-30,2010-06-01,2010-11-30
AP_ANANTPUR_2010_11_Rabi,ANANTPUR,2010-11,Rabi,2794.989527952312,2010-11-01,2011-04-30,2010-11-01,2011-04-30
AP_CHITTOOR_2010_11_Kharif,CHITTOOR,2010-11,Kharif,2976.802264276597,2010-06-01,2010-11-30,2010-06-01,2010-11-30
AP_CHITTOOR_2010_11_Rabi,CHITTOOR,2010-11,Rabi,3019.0091372422976,2010-11-01,2011-04-30,2010-11-01,2011-04-30
AP_CUDDAPAH_2010_11_Kharif,CUDDAPAH,2010-11,Kharif,1511.988002624426,2010-06-01,2010-11-30,2010-06-01,2010-11-30
AP_CUDDAPAH_2010_11_Rabi,CUDDAPAH,2010-11,Rabi,2869.988847801843,2010-11-01,2011-04-30,2010-11-01,2011-04-30
AP_EAST_GODAVARI_2010_11_Kharif,EAST GODAVARI,2010-11,Kharif,1926.0393873085336,2010-06-01,2010-11-30,2010-06-01,2010-11-30
AP_EAST_GODAVARI_2010_11_Rabi,EAST GODAVARI,2010-11,Rabi,4915.997640090694,2010-11-01,2011-04-30,2010-11-01,2011-04-30
AP_GUNTUR_2010_11_Kharif,GUNTUR,2010-11,Kharif,2397.001534647621,2010-06-01,2010-11-30,2010-06-01,2010-11-30
AP_GUNTUR_2010_11_Rabi,GUNTUR,2010-11,Rabi,3455.996437929204,2010-11-01,2011-04-30,2010-11-01,2011-04-30
AP_KRISHNA_2010_11_Kharif,KRISHNA,2010-11,Kharif,2776.9464182830807,2010-06-01,2010-11-30,2010-06-01,2010-11-30
AP_KRISHNA_2010_11_Rabi,KRISHNA,2010-11,Rabi,3870.998305102589,2010-11-01,2011-04-30,2010-11-01,2011-04-30
AP_KURNOOL_2010_11_Kharif,KURNOOL,2010-11,Kharif,2799.6830275669963,2010-06-01,2010-11-30,2010-06-01,2010-11-30
AP_KURNOOL_2010_11_Rabi,KURNOOL,2010-11,Rabi,3203.991870658537,2010-11-01,2011-04-30,2010-11-01,2011-04-30
AP_NELLORE_2010_11_Kharif,NELLORE,2010-11,Kharif,3270.0041503871307,2010-06-01,2010-11-30,2010-06-01,2010-11-30
AP_NELLORE_2010_11_Rabi,NELLORE,2010-11,Rabi,3865.998308373551,2010-11-01,2011-04-30,2010-11-01,2011-04-30
AP_PRAKASAM_2010_11_Kharif,PRAKASAM,2010-11,Kharif,2931.7893530831866,2010-06-01,2010-11-30,2010-06-01,2010-11-30
AP_PRAKASAM_2010_11_Rabi,PRAKASAM,2010-11,Rabi,3486.001315996775,2010-11-01,2011-04-30,2010-11-01,2011-04-30
AP_SRIKAKULAM_2010_11_Kharif,SRIKAKULAM,2010-11,Kharif,813.5999961137317,2010-06-01,2010-11-30,2010-06-01,2010-11-30
AP_SRIKAKULAM_2010_11_Rabi,SRIKAKULAM,2010-11,Rabi,2369.96336996337,2010-11-01,2011-04-30,2010-11-01,2011-04-30
AP_VISAKHAPATNAM_2010_11_Kharif,VISAKHAPATNAM,2010-11,Kharif,1744.3081358975055,2010-06-01,2010-11-30,2010-06-01,2010-11-30
AP_VISAKHAPATNAM_2010_11_Rabi,VISAKHAPATNAM,2010-11,Rabi,1292.0683007435969,2010-11-01,2011-04-30,2010-11-01,2011-04-30
AP_VIZIANAGARM_2010_11_Kharif,VIZIANAGARM,2010-11,Kharif,2575.128672103888,2010-06-01,2010-11-30,2010-06-01,2010-11-30
AP_VIZIANAGARM_2010_11_Rabi,VIZIANAGARM,2010-11,Rabi,3232.9749103942654,2010-11-01,2011-04-30,2010-11-01,2011-04-30
AP_WEST_GODAVARI_2010_11_Kharif,WEST GODAVARI,2010-11,Kharif,2181.559807454313,2010-06-01,2010-11-30,2010-06-01,2010-11-30
AP_WEST_GODAVARI_2010_11_Rabi,WEST GODAVARI,2010-11,Rabi,4648.9975994290535,2010-11-01,2011-04-30,2010-11-01,2011-04-30
AP_ANANTPUR_2011_12_Kharif,ANANTPUR,2011-12,Kharif,2506.1240721102863,2011-06-01,2011-11-30,2011-06-01,2011-11-30
AP_ANANTPUR_2011_12_Rabi,ANANTPUR,2011-12,Rabi,2333.0288637194008,2011-11-01,2012-04-30,2011-11-01,2012-04-30
AP_CHITTOOR_2011_12_Kharif,CHITTOOR,2011-12,Kharif,3212.9512166993427,2011-06-01,2011-11-30,2011-06-01,2011-11-30
AP_CHITTOOR_2011_12_Rabi,CHITTOOR,2011-12,Rabi,3353.009122141926,2011-11-01,2012-04-30,2011-11-01,2012-04-30
AP_CUDDAPAH_2011_12_Kharif,CUDDAPAH,2011-12,Kharif,2985.0074011418906,2011-06-01,2011-11-30,2011-06-01,2011-11-30
AP_CUDDAPAH_2011_12_Rabi,CUDDAPAH,2011-12,Rabi,2648.9554950045413,2011-11-01,2012-04-30,2011-11-01,2012-04-30
AP_EAST_GODAVARI_2011_12_Kharif,EAST GODAVARI,2011-12,Kharif,2986.8621641469776,2011-06-01,2011-11-30,2011-06-01,2011-11-30
AP_EAST_GODAVARI_2011_12_Rabi,EAST GODAVARI,2011-12,Rabi,4203.997164319115,2011-11-01,2012-04-30,2011-11-01,2012-04-30
AP_GUNTUR_2011_12_Kharif,GUNTUR,2011-12,Kharif,3835.9097200042575,2011-06-01,2011-11-30,2011-06-01,2011-11-30
AP_GUNTUR_2011_12_Rabi,GUNTUR,2011-12,Rabi,3547.039593171086,2011-11-01,2012-04-30,2011-11-01,2012-04-30
AP_KRISHNA_2011_12_Kharif,KRISHNA,2011-12,Kharif,3729.102143623538,2011-06-01,2011-11-30,2011-06-01,2011-11-30
AP_KRISHNA_2011_12_Rabi,KRISHNA,2011-12,Rabi,3415.9513202216667,2011-11-01,2012-04-30,2011-11-01,2012-04-30
AP_KURNOOL_2011_12_Kharif,KURNOOL,2011-12,Kharif,3629.783440598365,2011-06-01,2011-11-30,2011-06-01,2011-11-30
AP_KURNOOL_2011_12_Rabi,KURNOOL,2011-12,Rabi,3124.033111684082,2011-11-01,2012-04-30,2011-11-01,2012-04-30
AP_NELLORE_2011_12_Kharif,NELLORE,2011-12,Kharif,3674.821687336508,2011-06-01,2011-11-30,2011-06-01,2011-11-30
AP_NELLORE_2011_12_Rabi,NELLORE,2011-12,Rabi,4151.00156377988,2011-11-01,2012-04-30,2011-11-01,2012-04-30
AP_PRAKASAM_2011_12_Kharif,PRAKASAM,2011-12,Kharif,3449.005674556516,2011-06-01,2011-11-30,2011-06-01,2011-11-30
AP_PRAKASAM_2011_12_Rabi,PRAKASAM,2011-12,Rabi,3679.001461030783,2011-11-01,2012-04-30,2011-11-01,2012-04-30
AP_SRIKAKULAM_2011_12_Kharif,SRIKAKULAM,2011-12,Kharif,1917.2201172690995,2011-06-01,2011-11-30,2011-06-01,2011-11-30
AP_SRIKAKULAM_2011_12_Rabi,SRIKAKULAM,2011-12,Rabi,2108.815426997245,2011-11-01,2012-04-30,2011-11-01,2012-04-30
AP_VISAKHAPATNAM_2011_12_Kharif,VISAKHAPATNAM,2011-12,Kharif,1522.907629788594,2011-06-01,2011-11-30,2011-06-01,2011-11-30
AP_VISAKHAPATNAM_2011_12_Rabi,VISAKHAPATNAM,2011-12,Rabi,1136.0336262896446,2011-11-01,2012-04-30,2011-11-01,2012-04-30
AP_VIZIANAGARM_2011_12_Kharif,VIZIANAGARM,2011-12,Kharif,2146.7637317699264,2011-06-01,2011-11-30,2011-06-01,2011-11-30
AP_VIZIANAGARM_2011_12_Rabi,VIZIANAGARM,2011-12,Rabi,2448.051948051948,2011-11-01,2012-04-30,2011-11-01,2012-04-30
AP_WEST_GODAVARI_2011_12_Kharif,WEST GODAVARI,2011-12,Kharif,3180.8162619763098,2011-06-01,2011-11-30,2011-06-01,2011-11-30
AP_WEST_GODAVARI_2011_12_Rabi,WEST GODAVARI,2011-12,Rabi,4406.002315433253,2011-11-01,2012-04-30,2011-11-01,2012-04-30
