sample_id,district,year,season,satellite_path,height,width,bands,valid_pixel_fraction,satellite_patch_valid
AP_ANANTPUR_1998_99_Kharif,ANANTPUR,1998-99,Kharif,data\raw\satellite\AP_ANANTPUR_1998_99_Kharif.tif,128,128,7,1.0,True
AP_ANANTPUR_1998_99_Rabi,ANANTPUR,1998-99,Rabi,data\raw\satellite\AP_ANANTPUR_1998_99_Rabi.tif,128,128,7,1.0,True
AP_CHITTOOR_1998_99_Kharif,CHITTOOR,1998-99,Kharif,data\raw\satellite\AP_CHITTOOR_1998_99_Kharif.tif,128,128,7,0.0,False
AP_CHITTOOR_1998_99_Rabi,CHITTOOR,1998-99,Rabi,data\raw\satellite\AP_CHITTOOR_1998_99_Rabi.tif,128,128,7,0.0,False
AP_CUDDAPAH_1998_99_Kharif,CUDDAPAH,1998-99,Kharif,data\raw\satellite\AP_CUDDAPAH_1998_99_Kharif.tif,128,128,7,0.0,False
AP_CUDDAPAH_1998_99_Rabi,CUDDAPAH,1998-99,Rabi,data\raw\satellite\AP_CUDDAPAH_1998_99_Rabi.tif,128,128,7,0.0,False
AP_KURNOOL_1998_99_Kharif,KURNOOL,1998-99,Kharif,data\raw\satellite\AP_KURNOOL_1998_99_Kharif.tif,128,128,7,1.0,True
AP_KURNOOL_1998_99_Rabi,KURNOOL,1998-99,Rabi,data\raw\satellite\AP_KURNOOL_1998_99_Rabi.tif,128,128,7,1.0,True
AP_ANANTPUR_1999_00_Rabi,ANANTPUR,1999-00,Rabi,data\raw\satellite\AP_ANANTPUR_1999_00_Rabi.tif,128,128,7,0.0,False
AP_CHITTOOR_1999_00_Rabi,CHITTOOR,1999-00,Rabi,data\raw\satellite\AP_CHITTOOR_1999_00_Rabi.tif,128,128,7,0.0,False
AP_EAST_GODAVARI_1999_00_Rabi,EAST GODAVARI,1999-00,Rabi,data\raw\satellite\AP_EAST_GODAVARI_1999_00_Rabi.tif,128,128,7,1.0,True
AP_GUNTUR_1999_00_Rabi,GUNTUR,1999-00,Rabi,data\raw\satellite\AP_GUNTUR_1999_00_Rabi.tif,128,128,7,0.0,False
AP_KRISHNA_1999_00_Rabi,KRISHNA,1999-00,Rabi,data\raw\satellite\AP_KRISHNA_1999_00_Rabi.tif,128,128,7,1.0,True
AP_KURNOOL_1999_00_Rabi,KURNOOL,1999-00,Rabi,data\raw\satellite\AP_KURNOOL_1999_00_Rabi.tif,128,128,7,0.0,False
AP_NELLORE_1999_00_Rabi,NELLORE,1999-00,Rabi,data\raw\satellite\AP_NELLORE_1999_00_Rabi.tif,128,128,7,0.0,False
AP_PRAKASAM_1999_00_Rabi,PRAKASAM,1999-00,Rabi,data\raw\satellite\AP_PRAKASAM_1999_00_Rabi.tif,128,128,7,0.0,False
AP_SRIKAKULAM_1999_00_Rabi,SRIKAKULAM,1999-00,Rabi,data\raw\satellite\AP_SRIKAKULAM_1999_00_Rabi.tif,128,128,7,1.0,True
AP_VISAKHAPATNAM_1999_00_Rabi,VISAKHAPATNAM,1999-00,Rabi,data\raw\satellite\AP_VISAKHAPATNAM_1999_00_Rabi.tif,128,128,7,0.9864501953125,True
AP_VIZIANAGARM_1999_00_Rabi,VIZIANAGARM,1999-00,Rabi,data\raw\satellite\AP_VIZIANAGARM_1999_00_Rabi.tif,128,128,7,0.0,False
AP_WEST_GODAVARI_1999_00_Rabi,WEST GODAVARI,1999-00,Rabi,data\raw\satellite\AP_WEST_GODAVARI_1999_00_Rabi.tif,128,128,7,1.0,True
AP_ANANTPUR_2000_01_Kharif,ANANTPUR,2000-01,Kharif,data\raw\satellite\AP_ANANTPUR_2000_01_Kharif.tif,128,128,7,0.47216796875,True
AP_ANANTPUR_2000_01_Rabi,ANANTPUR,2000-01,Rabi,data\raw\satellite\AP_ANANTPUR_2000_01_Rabi.tif,128,128,7,1.0,True
AP_CHITTOOR_2000_01_Kharif,CHITTOOR,2000-01,Kharif,data\raw\satellite\AP_CHITTOOR_2000_01_Kharif.tif,128,128,7,0.0,False
AP_CHITTOOR_2000_01_Rabi,CHITTOOR,2000-01,Rabi,data\raw\satellite\AP_CHITTOOR_2000_01_Rabi.tif,128,128,7,1.0,True
AP_CUDDAPAH_2000_01_Kharif,CUDDAPAH,2000-01,Kharif,data\raw\satellite\AP_CUDDAPAH_2000_01_Kharif.tif,128,128,7,0.0,False
AP_CUDDAPAH_2000_01_Rabi,CUDDAPAH,2000-01,Rabi,data\raw\satellite\AP_CUDDAPAH_2000_01_Rabi.tif,128,128,7,1.0,True
AP_EAST_GODAVARI_2000_01_Rabi,EAST GODAVARI,2000-01,Rabi,data\raw\satellite\AP_EAST_GODAVARI_2000_01_Rabi.tif,128,128,7,1.0,True
AP_GUNTUR_2000_01_Rabi,GUNTUR,2000-01,Rabi,data\raw\satellite\AP_GUNTUR_2000_01_Rabi.tif,128,128,7,1.0,True
AP_KRISHNA_2000_01_Rabi,KRISHNA,2000-01,Rabi,data\raw\satellite\AP_KRISHNA_2000_01_Rabi.tif,128,128,7,0.00982666015625,False
AP_KURNOOL_2000_01_Kharif,KURNOOL,2000-01,Kharif,data\raw\satellite\AP_KURNOOL_2000_01_Kharif.tif,128,128,7,0.92926025390625,True
AP_KURNOOL_2000_01_Rabi,KURNOOL,2000-01,Rabi,data\raw\satellite\AP_KURNOOL_2000_01_Rabi.tif,128,128,7,0.0,False
AP_NELLORE_2000_01_Rabi,NELLORE,2000-01,Rabi,data\raw\satellite\AP_NELLORE_2000_01_Rabi.tif,128,128,7,1.0,True
AP_PRAKASAM_2000_01_Rabi,PRAKASAM,2000-01,Rabi,data\raw\satellite\AP_PRAKASAM_2000_01_Rabi.tif,128,128,7,1.0,True
AP_SRIKAKULAM_2000_01_Rabi,SRIKAKULAM,2000-01,Rabi,data\raw\satellite\AP_SRIKAKULAM_2000_01_Rabi.tif,128,128,7,0.8089599609375,True
AP_VISAKHAPATNAM_2000_01_Rabi,VISAKHAPATNAM,2000-01,Rabi,data\raw\satellite\AP_VISAKHAPATNAM_2000_01_Rabi.tif,128,128,7,1.0,True
AP_VIZIANAGARM_2000_01_Rabi,VIZIANAGARM,2000-01,Rabi,data\raw\satellite\AP_VIZIANAGARM_2000_01_Rabi.tif,128,128,7,1.0,True
AP_WEST_GODAVARI_2000_01_Rabi,WEST GODAVARI,2000-01,Rabi,data\raw\satellite\AP_WEST_GODAVARI_2000_01_Rabi.tif,128,128,7,1.0,True
AP_ANANTPUR_2001_02_Kharif,ANANTPUR,2001-02,Kharif,data\raw\satellite\AP_ANANTPUR_2001_02_Kharif.tif,128,128,7,0.24853515625,True
AP_CHITTOOR_2001_02_Kharif,CHITTOOR,2001-02,Kharif,data\raw\satellite\AP_CHITTOOR_2001_02_Kharif.tif,128,128,7,0.4422607421875,True
AP_CUDDAPAH_2001_02_Kharif,CUDDAPAH,2001-02,Kharif,data\raw\satellite\AP_CUDDAPAH_2001_02_Kharif.tif,128,128,7,0.0,False
AP_EAST_GODAVARI_2001_02_Kharif,EAST GODAVARI,2001-02,Kharif,data\raw\satellite\AP_EAST_GODAVARI_2001_02_Kharif.tif,128,128,7,1.0,True
AP_GUNTUR_2001_02_Kharif,GUNTUR,2001-02,Kharif,data\raw\satellite\AP_GUNTUR_2001_02_Kharif.tif,128,128,7,0.0,False
AP_KRISHNA_2001_02_Kharif,KRISHNA,2001-02,Kharif,data\raw\satellite\AP_KRISHNA_2001_02_Kharif.tif,128,128,7,1.0,True
AP_KURNOOL_2001_02_Kharif,KURNOOL,2001-02,Kharif,data\raw\satellite\AP_KURNOOL_2001_02_Kharif.tif,128,128,7,0.00927734375,False
AP_NELLORE_2001_02_Kharif,NELLORE,2001-02,Kharif,data\raw\satellite\AP_NELLORE_2001_02_Kharif.tif,128,128,7,0.6595458984375,True
AP_PRAKASAM_2001_02_Kharif,PRAKASAM,2001-02,Kharif,data\raw\satellite\AP_PRAKASAM_2001_02_Kharif.tif,128,128,7,0.0,False
AP_VISAKHAPATNAM_2001_02_Kharif,VISAKHAPATNAM,2001-02,Kharif,data\raw\satellite\AP_VISAKHAPATNAM_2001_02_Kharif.tif,128,128,7,0.0,False
AP_WEST_GODAVARI_2001_02_Kharif,WEST GODAVARI,2001-02,Kharif,data\raw\satellite\AP_WEST_GODAVARI_2001_02_Kharif.tif,128,128,7,1.0,True
AP_ANANTPUR_2003_04_Rabi,ANANTPUR,2003-04,Rabi,data\raw\satellite\AP_ANANTPUR_2003_04_Rabi.tif,128,128,7,1.0,True
AP_CHITTOOR_2003_04_Kharif,CHITTOOR,2003-04,Kharif,data\raw\satellite\AP_CHITTOOR_2003_04_Kharif.tif,128,128,7,0.0,False
AP_CHITTOOR_2003_04_Rabi,CHITTOOR,2003-04,Rabi,data\raw\satellite\AP_CHITTOOR_2003_04_Rabi.tif,128,128,7,1.0,True
AP_CUDDAPAH_2003_04_Kharif,CUDDAPAH,2003-04,Kharif,data\raw\satellite\AP_CUDDAPAH_2003_04_Kharif.tif,128,128,7,0.0,False
AP_CUDDAPAH_2003_04_Rabi,CUDDAPAH,2003-04,Rabi,data\raw\satellite\AP_CUDDAPAH_2003_04_Rabi.tif,128,128,7,1.0,True
AP_EAST_GODAVARI_2003_04_Kharif,EAST GODAVARI,2003-04,Kharif,data\raw\satellite\AP_EAST_GODAVARI_2003_04_Kharif.tif,128,128,7,1.0,True
AP_EAST_GODAVARI_2003_04_Rabi,EAST GODAVARI,2003-04,Rabi,data\raw\satellite\AP_EAST_GODAVARI_2003_04_Rabi.tif,128,128,7,1.0,True
AP_GUNTUR_2003_04_Kharif,GUNTUR,2003-04,Kharif,data\raw\satellite\AP_GUNTUR_2003_04_Kharif.tif,128,128,7,1.0,True
AP_GUNTUR_2003_04_Rabi,GUNTUR,2003-04,Rabi,data\raw\satellite\AP_GUNTUR_2003_04_Rabi.tif,128,128,7,1.0,True
AP_KRISHNA_2003_04_Kharif,KRISHNA,2003-04,Kharif,data\raw\satellite\AP_KRISHNA_2003_04_Kharif.tif,128,128,7,1.0,True
AP_KRISHNA_2003_04_Rabi,KRISHNA,2003-04,Rabi,data\raw\satellite\AP_KRISHNA_2003_04_Rabi.tif,128,128,7,1.0,True
AP_KURNOOL_2003_04_Kharif,KURNOOL,2003-04,Kharif,data\raw\satellite\AP_KURNOOL_2003_04_Kharif.tif,128,128,7,0.0,False
AP_KURNOOL_2003_04_Rabi,KURNOOL,2003-04,Rabi,data\raw\satellite\AP_KURNOOL_2003_04_Rabi.tif,128,128,7,1.0,True
AP_NELLORE_2003_04_Kharif,NELLORE,2003-04,Kharif,data\raw\satellite\AP_NELLORE_2003_04_Kharif.tif,128,128,7,0.020751953125,False
AP_NELLORE_2003_04_Rabi,NELLORE,2003-04,Rabi,data\raw\satellite\AP_NELLORE_2003_04_Rabi.tif,128,128,7,1.0,True
AP_PRAKASAM_2003_04_Kharif,PRAKASAM,2003-04,Kharif,data\raw\satellite\AP_PRAKASAM_2003_04_Kharif.tif,128,128,7,0.0,False
AP_PRAKASAM_2003_04_Rabi,PRAKASAM,2003-04,Rabi,data\raw\satellite\AP_PRAKASAM_2003_04_Rabi.tif,128,128,7,1.0,True
AP_SRIKAKULAM_2003_04_Kharif,SRIKAKULAM,2003-04,Kharif,data\raw\satellite\AP_SRIKAKULAM_2003_04_Kharif.tif,128,128,7,1.0,True
AP_SRIKAKULAM_2003_04_Rabi,SRIKAKULAM,2003-04,Rabi,data\raw\satellite\AP_SRIKAKULAM_2003_04_Rabi.tif,128,128,7,1.0,True
AP_VISAKHAPATNAM_2003_04_Kharif,VISAKHAPATNAM,2003-04,Kharif,data\raw\satellite\AP_VISAKHAPATNAM_2003_04_Kharif.tif,128,128,7,0.0,False
AP_VISAKHAPATNAM_2003_04_Rabi,VISAKHAPATNAM,2003-04,Rabi,data\raw\satellite\AP_VISAKHAPATNAM_2003_04_Rabi.tif,128,128,7,1.0,True
AP_VIZIANAGARM_2003_04_Kharif,VIZIANAGARM,2003-04,Kharif,data\raw\satellite\AP_VIZIANAGARM_2003_04_Kharif.tif,128,128,7,0.0,False
AP_VIZIANAGARM_2003_04_Rabi,VIZIANAGARM,2003-04,Rabi,data\raw\satellite\AP_VIZIANAGARM_2003_04_Rabi.tif,128,128,7,1.0,True
AP_WEST_GODAVARI_2003_04_Kharif,WEST GODAVARI,2003-04,Kharif,data\raw\satellite\AP_WEST_GODAVARI_2003_04_Kharif.tif,128,128,7,1.0,True
AP_WEST_GODAVARI_2003_04_Rabi,WEST GODAVARI,2003-04,Rabi,data\raw\satellite\AP_WEST_GODAVARI_2003_04_Rabi.tif,128,128,7,1.0,True
AP_ANANTPUR_2004_05_Kharif,ANANTPUR,2004-05,Kharif,data\raw\satellite\AP_ANANTPUR_2004_05_Kharif.tif,128,128,7,1.0,True
AP_ANANTPUR_2004_05_Rabi,ANANTPUR,2004-05,Rabi,data\raw\satellite\AP_ANANTPUR_2004_05_Rabi.tif,128,128,7,1.0,True
AP_CHITTOOR_2004_05_Kharif,CHITTOOR,2004-05,Kharif,data\raw\satellite\AP_CHITTOOR_2004_05_Kharif.tif,128,128,7,1.0,True
AP_CHITTOOR_2004_05_Rabi,CHITTOOR,2004-05,Rabi,data\raw\satellite\AP_CHITTOOR_2004_05_Rabi.tif,128,128,7,1.0,True
AP_CUDDAPAH_2004_05_Kharif,CUDDAPAH,2004-05,Kharif,data\raw\satellite\AP_CUDDAPAH_2004_05_Kharif.tif,128,128,7,1.0,True
AP_CUDDAPAH_2004_05_Rabi,CUDDAPAH,2004-05,Rabi,data\raw\satellite\AP_CUDDAPAH_2004_05_Rabi.tif,128,128,7,1.0,True
AP_EAST_GODAVARI_2004_05_Kharif,EAST GODAVARI,2004-05,Kharif,data\raw\satellite\AP_EAST_GODAVARI_2004_05_Kharif.tif,128,128,7,1.0,True
AP_EAST_GODAVARI_2004_05_Rabi,EAST GODAVARI,2004-05,Rabi,data\raw\satellite\AP_EAST_GODAVARI_2004_05_Rabi.tif,128,128,7,1.0,True
AP_GUNTUR_2004_05_Kharif,GUNTUR,2004-05,Kharif,data\raw\satellite\AP_GUNTUR_2004_05_Kharif.tif,128,128,7,1.0,True
AP_GUNTUR_2004_05_Rabi,GUNTUR,2004-05,Rabi,data\raw\satellite\AP_GUNTUR_2004_05_Rabi.tif,128,128,7,1.0,True
AP_KRISHNA_2004_05_Kharif,KRISHNA,2004-05,Kharif,data\raw\satellite\AP_KRISHNA_2004_05_Kharif.tif,128,128,7,1.0,True
AP_KRISHNA_2004_05_Rabi,KRISHNA,2004-05,Rabi,data\raw\satellite\AP_KRISHNA_2004_05_Rabi.tif,128,128,7,1.0,True
AP_KURNOOL_2004_05_Kharif,KURNOOL,2004-05,Kharif,data\raw\satellite\AP_KURNOOL_2004_05_Kharif.tif,128,128,7,1.0,True
AP_KURNOOL_2004_05_Rabi,KURNOOL,2004-05,Rabi,data\raw\satellite\AP_KURNOOL_2004_05_Rabi.tif,128,128,7,1.0,True
AP_NELLORE_2004_05_Kharif,NELLORE,2004-05,Kharif,data\raw\satellite\AP_NELLORE_2004_05_Kharif.tif,128,128,7,1.0,True
AP_NELLORE_2004_05_Rabi,NELLORE,2004-05,Rabi,data\raw\satellite\AP_NELLORE_2004_05_Rabi.tif,128,128,7,1.0,True
AP_PRAKASAM_2004_05_Kharif,PRAKASAM,2004-05,Kharif,data\raw\satellite\AP_PRAKASAM_2004_05_Kharif.tif,128,128,7,1.0,True
AP_PRAKASAM_2004_05_Rabi,PRAKASAM,2004-05,Rabi,data\raw\satellite\AP_PRAKASAM_2004_05_Rabi.tif,128,128,7,1.0,True
AP_SRIKAKULAM_2004_05_Kharif,SRIKAKULAM,2004-05,Kharif,data\raw\satellite\AP_SRIKAKULAM_2004_05_Kharif.tif,128,128,7,1.0,True
AP_SRIKAKULAM_2004_05_Rabi,SRIKAKULAM,2004-05,Rabi,data\raw\satellite\AP_SRIKAKULAM_2004_05_Rabi.tif,128,128,7,1.0,True
AP_VISAKHAPATNAM_2004_05_Kharif,VISAKHAPATNAM,2004-05,Kharif,data\raw\satellite\AP_VISAKHAPATNAM_2004_05_Kharif.tif,128,128,7,1.0,True
AP_VISAKHAPATNAM_2004_05_Rabi,VISAKHAPATNAM,2004-05,Rabi,data\raw\satellite\AP_VISAKHAPATNAM_2004_05_Rabi.tif,128,128,7,1.0,True
AP_VIZIANAGARM_2004_05_Kharif,VIZIANAGARM,2004-05,Kharif,data\raw\satellite\AP_VIZIANAGARM_2004_05_Kharif.tif,128,128,7,1.0,True
AP_VIZIANAGARM_2004_05_Rabi,VIZIANAGARM,2004-05,Rabi,data\raw\satellite\AP_VIZIANAGARM_2004_05_Rabi.tif,128,128,7,1.0,True
AP_WEST_GODAVARI_2004_05_Kharif,WEST GODAVARI,2004-05,Kharif,data\raw\satellite\AP_WEST_GODAVARI_2004_05_Kharif.tif,128,128,7,1.0,True
AP_WEST_GODAVARI_2004_05_Rabi,WEST GODAVARI,2004-05,Rabi,data\raw\satellite\AP_WEST_GODAVARI_2004_05_Rabi.tif,128,128,7,1.0,True
AP_ANANTPUR_2005_06_Kharif,ANANTPUR,2005-06,Kharif,data\raw\satellite\AP_ANANTPUR_2005_06_Kharif.tif,128,128,7,1.0,True
AP_ANANTPUR_2005_06_Rabi,ANANTPUR,2005-06,Rabi,data\raw\satellite\AP_ANANTPUR_2005_06_Rabi.tif,128,128,7,1.0,True
AP_CHITTOOR_2005_06_Kharif,CHITTOOR,2005-06,Kharif,data\raw\satellite\AP_CHITTOOR_2005_06_Kharif.tif,128,128,7,1.0,True
AP_CHITTOOR_2005_06_Rabi,CHITTOOR,2005-06,Rabi,data\raw\satellite\AP_CHITTOOR_2005_06_Rabi.tif,128,128,7,1.0,True
AP_CUDDAPAH_2005_06_Kharif,CUDDAPAH,2005-06,Kharif,data\raw\satellite\AP_CUDDAPAH_2005_06_Kharif.tif,128,128,7,1.0,True
AP_CUDDAPAH_2005_06_Rabi,CUDDAPAH,2005-06,Rabi,data\raw\satellite\AP_CUDDAPAH_2005_06_Rabi.tif,128,128,7,1.0,True
AP_EAST_GODAVARI_2005_06_Kharif,EAST GODAVARI,2005-06,Kharif,data\raw\satellite\AP_EAST_GODAVARI_2005_06_Kharif.tif,128,128,7,1.0,True
AP_EAST_GODAVARI_2005_06_Rabi,EAST GODAVARI,2005-06,Rabi,data\raw\satellite\AP_EAST_GODAVARI_2005_06_Rabi.tif,128,128,7,1.0,True
AP_GUNTUR_2005_06_Kharif,GUNTUR,2005-06,Kharif,data\raw\satellite\AP_GUNTUR_2005_06_Kharif.tif,128,128,7,1.0,True
AP_GUNTUR_2005_06_Rabi,GUNTUR,2005-06,Rabi,data\raw\satellite\AP_GUNTUR_2005_06_Rabi.tif,128,128,7,1.0,True
AP_KRISHNA_2005_06_Kharif,KRISHNA,2005-06,Kharif,data\raw\satellite\AP_KRISHNA_2005_06_Kharif.tif,128,128,7,1.0,True
AP_KRISHNA_2005_06_Rabi,KRISHNA,2005-06,Rabi,data\raw\satellite\AP_KRISHNA_2005_06_Rabi.tif,128,128,7,1.0,True
AP_KURNOOL_2005_06_Kharif,KURNOOL,2005-06,Kharif,data\raw\satellite\AP_KURNOOL_2005_06_Kharif.tif,128,128,7,1.0,True
AP_KURNOOL_2005_06_Rabi,KURNOOL,2005-06,Rabi,data\raw\satellite\AP_KURNOOL_2005_06_Rabi.tif,128,128,7,1.0,True
AP_NELLORE_2005_06_Kharif,NELLORE,2005-06,Kharif,data\raw\satellite\AP_NELLORE_2005_06_Kharif.tif,128,128,7,1.0,True
AP_NELLORE_2005_06_Rabi,NELLORE,2005-06,Rabi,data\raw\satellite\AP_NELLORE_2005_06_Rabi.tif,128,128,7,1.0,True
AP_PRAKASAM_2005_06_Kharif,PRAKASAM,2005-06,Kharif,data\raw\satellite\AP_PRAKASAM_2005_06_Kharif.tif,128,128,7,1.0,True
AP_PRAKASAM_2005_06_Rabi,PRAKASAM,2005-06,Rabi,data\raw\satellite\AP_PRAKASAM_2005_06_Rabi.tif,128,128,7,1.0,True
AP_SRIKAKULAM_2005_06_Kharif,SRIKAKULAM,2005-06,Kharif,data\raw\satellite\AP_SRIKAKULAM_2005_06_Kharif.tif,128,128,7,1.0,True
AP_SRIKAKULAM_2005_06_Rabi,SRIKAKULAM,2005-06,Rabi,data\raw\satellite\AP_SRIKAKULAM_2005_06_Rabi.tif,128,128,7,1.0,True
AP_VISAKHAPATNAM_2005_06_Kharif,VISAKHAPATNAM,2005-06,Kharif,data\raw\satellite\AP_VISAKHAPATNAM_2005_06_Kharif.tif,128,128,7,1.0,True
AP_VISAKHAPATNAM_2005_06_Rabi,VISAKHAPATNAM,2005-06,Rabi,data\raw\satellite\AP_VISAKHAPATNAM_2005_06_Rabi.tif,128,128,7,1.0,True
AP_VIZIANAGARM_2005_06_Kharif,VIZIANAGARM,2005-06,Kharif,data\raw\satellite\AP_VIZIANAGARM_2005_06_Kharif.tif,128,128,7,1.0,True
AP_VIZIANAGARM_2005_06_Rabi,VIZIANAGARM,2005-06,Rabi,data\raw\satellite\AP_VIZIANAGARM_2005_06_Rabi.tif,128,128,7,1.0,True
AP_WEST_GODAVARI_2005_06_Kharif,WEST GODAVARI,2005-06,Kharif,data\raw\satellite\AP_WEST_GODAVARI_2005_06_Kharif.tif,128,128,7,1.0,True
AP_WEST_GODAVARI_2005_06_Rabi,WEST GODAVARI,2005-06,Rabi,data\raw\satellite\AP_WEST_GODAVARI_2005_06_Rabi.tif,128,128,7,1.0,True
AP_ANANTPUR_2006_07_Kharif,ANANTPUR,2006-07,Kharif,data\raw\satellite\AP_ANANTPUR_2006_07_Kharif.tif,128,128,7,1.0,True
AP_ANANTPUR_2006_07_Rabi,ANANTPUR,2006-07,Rabi,data\raw\satellite\AP_ANANTPUR_2006_07_Rabi.tif,128,128,7,1.0,True
AP_CHITTOOR_2006_07_Kharif,CHITTOOR,2006-07,Kharif,data\raw\satellite\AP_CHITTOOR_2006_07_Kharif.tif,128,128,7,1.0,True
AP_CHITTOOR_2006_07_Rabi,CHITTOOR,2006-07,Rabi,data\raw\satellite\AP_CHITTOOR_2006_07_Rabi.tif,128,128,7,1.0,True
AP_CUDDAPAH_2006_07_Kharif,CUDDAPAH,2006-07,Kharif,data\raw\satellite\AP_CUDDAPAH_2006_07_Kharif.tif,128,128,7,1.0,True
AP_CUDDAPAH_2006_07_Rabi,CUDDAPAH,2006-07,Rabi,data\raw\satellite\AP_CUDDAPAH_2006_07_Rabi.tif,128,128,7,1.0,True
AP_EAST_GODAVARI_2006_07_Kharif,EAST GODAVARI,2006-07,Kharif,data\raw\satellite\AP_EAST_GODAVARI_2006_07_Kharif.tif,128,128,7,1.0,True
AP_EAST_GODAVARI_2006_07_Rabi,EAST GODAVARI,2006-07,Rabi,data\raw\satellite\AP_EAST_GODAVARI_2006_07_Rabi.tif,128,128,7,1.0,True
AP_GUNTUR_2006_07_Kharif,GUNTUR,2006-07,Kharif,data\raw\satellite\AP_GUNTUR_2006_07_Kharif.tif,128,128,7,1.0,True
AP_GUNTUR_2006_07_Rabi,GUNTUR,2006-07,Rabi,data\raw\satellite\AP_GUNTUR_2006_07_Rabi.tif,128,128,7,1.0,True
AP_KRISHNA_2006_07_Kharif,KRISHNA,2006-07,Kharif,data\raw\satellite\AP_KRISHNA_2006_07_Kharif.tif,128,128,7,1.0,True
AP_KRISHNA_2006_07_Rabi,KRISHNA,2006-07,Rabi,data\raw\satellite\AP_KRISHNA_2006_07_Rabi.tif,128,128,7,1.0,True
AP_KURNOOL_2006_07_Kharif,KURNOOL,2006-07,Kharif,data\raw\satellite\AP_KURNOOL_2006_07_Kharif.tif,128,128,7,1.0,True
AP_KURNOOL_2006_07_Rabi,KURNOOL,2006-07,Rabi,data\raw\satellite\AP_KURNOOL_2006_07_Rabi.tif,128,128,7,1.0,True
AP_NELLORE_2006_07_Kharif,NELLORE,2006-07,Kharif,data\raw\satellite\AP_NELLORE_2006_07_Kharif.tif,128,128,7,1.0,True
AP_NELLORE_2006_07_Rabi,NELLORE,2006-07,Rabi,data\raw\satellite\AP_NELLORE_2006_07_Rabi.tif,128,128,7,1.0,True
AP_PRAKASAM_2006_07_Kharif,PRAKASAM,2006-07,Kharif,data\raw\satellite\AP_PRAKASAM_2006_07_Kharif.tif,128,128,7,1.0,True
AP_PRAKASAM_2006_07_Rabi,PRAKASAM,2006-07,Rabi,data\raw\satellite\AP_PRAKASAM_2006_07_Rabi.tif,128,128,7,1.0,True
AP_SRIKAKULAM_2006_07_Kharif,SRIKAKULAM,2006-07,Kharif,data\raw\satellite\AP_SRIKAKULAM_2006_07_Kharif.tif,128,128,7,1.0,True
AP_SRIKAKULAM_2006_07_Rabi,SRIKAKULAM,2006-07,Rabi,data\raw\satellite\AP_SRIKAKULAM_2006_07_Rabi.tif,128,128,7,1.0,True
AP_VISAKHAPATNAM_2006_07_Kharif,VISAKHAPATNAM,2006-07,Kharif,data\raw\satellite\AP_VISAKHAPATNAM_2006_07_Kharif.tif,128,128,7,1.0,True
AP_VISAKHAPATNAM_2006_07_Rabi,VISAKHAPATNAM,2006-07,Rabi,data\raw\satellite\AP_VISAKHAPATNAM_2006_07_Rabi.tif,128,128,7,1.0,True
AP_VIZIANAGARM_2006_07_Kharif,VIZIANAGARM,2006-07,Kharif,data\raw\satellite\AP_VIZIANAGARM_2006_07_Kharif.tif,128,128,7,0.90069580078125,True
AP_VIZIANAGARM_2006_07_Rabi,VIZIANAGARM,2006-07,Rabi,data\raw\satellite\AP_VIZIANAGARM_2006_07_Rabi.tif,128,128,7,1.0,True
AP_WEST_GODAVARI_2006_07_Kharif,WEST GODAVARI,2006-07,Kharif,data\raw\satellite\AP_WEST_GODAVARI_2006_07_Kharif.tif,128,128,7,1.0,True
AP_WEST_GODAVARI_2006_07_Rabi,WEST GODAVARI,2006-07,Rabi,data\raw\satellite\AP_WEST_GODAVARI_2006_07_Rabi.tif,128,128,7,1.0,True
AP_ANANTPUR_2007_08_Kharif,ANANTPUR,2007-08,Kharif,data\raw\satellite\AP_ANANTPUR_2007_08_Kharif.tif,128,128,7,0.0496826171875,False
AP_ANANTPUR_2007_08_Rabi,ANANTPUR,2007-08,Rabi,data\raw\satellite\AP_ANANTPUR_2007_08_Rabi.tif,128,128,7,0.0,False
AP_CHITTOOR_2007_08_Kharif,CHITTOOR,2007-08,Kharif,data\raw\satellite\AP_CHITTOOR_2007_08_Kharif.tif,128,128,7,1.0,True
AP_CHITTOOR_2007_08_Rabi,CHITTOOR,2007-08,Rabi,data\raw\satellite\AP_CHITTOOR_2007_08_Rabi.tif,128,128,7,1.0,True
AP_CUDDAPAH_2007_08_Kharif,CUDDAPAH,2007-08,Kharif,data\raw\satellite\AP_CUDDAPAH_2007_08_Kharif.tif,128,128,7,1.0,True
AP_CUDDAPAH_2007_08_Rabi,CUDDAPAH,2007-08,Rabi,data\raw\satellite\AP_CUDDAPAH_2007_08_Rabi.tif,128,128,7,1.0,True
AP_EAST_GODAVARI_2007_08_Kharif,EAST GODAVARI,2007-08,Kharif,data\raw\satellite\AP_EAST_GODAVARI_2007_08_Kharif.tif,128,128,7,1.0,True
AP_EAST_GODAVARI_2007_08_Rabi,EAST GODAVARI,2007-08,Rabi,data\raw\satellite\AP_EAST_GODAVARI_2007_08_Rabi.tif,128,128,7,1.0,True
AP_GUNTUR_2007_08_Kharif,GUNTUR,2007-08,Kharif,data\raw\satellite\AP_GUNTUR_2007_08_Kharif.tif,128,128,7,0.6187744140625,True
AP_GUNTUR_2007_08_Rabi,GUNTUR,2007-08,Rabi,data\raw\satellite\AP_GUNTUR_2007_08_Rabi.tif,128,128,7,1.0,True
AP_KRISHNA_2007_08_Rabi,KRISHNA,2007-08,Rabi,data\raw\satellite\AP_KRISHNA_2007_08_Rabi.tif,128,128,7,1.0,True
AP_KURNOOL_2007_08_Kharif,KURNOOL,2007-08,Kharif,data\raw\satellite\AP_KURNOOL_2007_08_Kharif.tif,128,128,7,0.60003662109375,True
AP_KURNOOL_2007_08_Rabi,KURNOOL,2007-08,Rabi,data\raw\satellite\AP_KURNOOL_2007_08_Rabi.tif,128,128,7,1.0,True
AP_NELLORE_2007_08_Kharif,NELLORE,2007-08,Kharif,data\raw\satellite\AP_NELLORE_2007_08_Kharif.tif,128,128,7,1.0,True
AP_NELLORE_2007_08_Rabi,NELLORE,2007-08,Rabi,data\raw\satellite\AP_NELLORE_2007_08_Rabi.tif,128,128,7,1.0,True
AP_PRAKASAM_2007_08_Kharif,PRAKASAM,2007-08,Kharif,data\raw\satellite\AP_PRAKASAM_2007_08_Kharif.tif,128,128,7,1.0,True
AP_PRAKASAM_2007_08_Rabi,PRAKASAM,2007-08,Rabi,data\raw\satellite\AP_PRAKASAM_2007_08_Rabi.tif,128,128,7,1.0,True
AP_SRIKAKULAM_2007_08_Kharif,SRIKAKULAM,2007-08,Kharif,data\raw\satellite\AP_SRIKAKULAM_2007_08_Kharif.tif,128,128,7,1.0,True
AP_SRIKAKULAM_2007_08_Rabi,SRIKAKULAM,2007-08,Rabi,data\raw\satellite\AP_SRIKAKULAM_2007_08_Rabi.tif,128,128,7,1.0,True
AP_VISAKHAPATNAM_2007_08_Kharif,VISAKHAPATNAM,2007-08,Kharif,data\raw\satellite\AP_VISAKHAPATNAM_2007_08_Kharif.tif,128,128,7,0.864501953125,True
AP_VISAKHAPATNAM_2007_08_Rabi,VISAKHAPATNAM,2007-08,Rabi,data\raw\satellite\AP_VISAKHAPATNAM_2007_08_Rabi.tif,128,128,7,1.0,True
AP_VIZIANAGARM_2007_08_Kharif,VIZIANAGARM,2007-08,Kharif,data\raw\satellite\AP_VIZIANAGARM_2007_08_Kharif.tif,128,128,7,0.84417724609375,True
AP_VIZIANAGARM_2007_08_Rabi,VIZIANAGARM,2007-08,Rabi,data\raw\satellite\AP_VIZIANAGARM_2007_08_Rabi.tif,128,128,7,1.0,True
AP_WEST_GODAVARI_2007_08_Kharif,WEST GODAVARI,2007-08,Kharif,data\raw\satellite\AP_WEST_GODAVARI_2007_08_Kharif.tif,128,128,7,1.0,True
AP_WEST_GODAVARI_2007_08_Rabi,WEST GODAVARI,2007-08,Rabi,data\raw\satellite\AP_WEST_GODAVARI_2007_08_Rabi.tif,128,128,7,1.0,True
AP_ANANTPUR_2008_09_Kharif,ANANTPUR,2008-09,Kharif,data\raw\satellite\AP_ANANTPUR_2008_09_Kharif.tif,128,128,7,1.0,True
AP_ANANTPUR_2008_09_Rabi,ANANTPUR,2008-09,Rabi,data\raw\satellite\AP_ANANTPUR_2008_09_Rabi.tif,128,128,7,1.0,True
AP_CHITTOOR_2008_09_Kharif,CHITTOOR,2008-09,Kharif,data\raw\satellite\AP_CHITTOOR_2008_09_Kharif.tif,128,128,7,1.0,True
AP_CHITTOOR_2008_09_Rabi,CHITTOOR,2008-09,Rabi,data\raw\satellite\AP_CHITTOOR_2008_09_Rabi.tif,128,128,7,1.0,True
AP_CUDDAPAH_2008_09_Kharif,CUDDAPAH,2008-09,Kharif,data\raw\satellite\AP_CUDDAPAH_2008_09_Kharif.tif,128,128,7,1.0,True
AP_CUDDAPAH_2008_09_Rabi,CUDDAPAH,2008-09,Rabi,data\raw\satellite\AP_CUDDAPAH_2008_09_Rabi.tif,128,128,7,1.0,True
AP_EAST_GODAVARI_2008_09_Kharif,EAST GODAVARI,2008-09,Kharif,data\raw\satellite\AP_EAST_GODAVARI_2008_09_Kharif.tif,128,128,7,1.0,True
AP_EAST_GODAVARI_2008_09_Rabi,EAST GODAVARI,2008-09,Rabi,data\raw\satellite\AP_EAST_GODAVARI_2008_09_Rabi.tif,128,128,7,1.0,True
AP_GUNTUR_2008_09_Kharif,GUNTUR,2008-09,Kharif,data\raw\satellite\AP_GUNTUR_2008_09_Kharif.tif,128,128,7,1.0,True
AP_GUNTUR_2008_09_Rabi,GUNTUR,2008-09,Rabi,data\raw\satellite\AP_GUNTUR_2008_09_Rabi.tif,128,128,7,1.0,True
AP_KRISHNA_2008_09_Kharif,KRISHNA,2008-09,Kharif,data\raw\satellite\AP_KRISHNA_2008_09_Kharif.tif,128,128,7,1.0,True
AP_KRISHNA_2008_09_Rabi,KRISHNA,2008-09,Rabi,data\raw\satellite\AP_KRISHNA_2008_09_Rabi.tif,128,128,7,1.0,True
AP_KURNOOL_2008_09_Kharif,KURNOOL,2008-09,Kharif,data\raw\satellite\AP_KURNOOL_2008_09_Kharif.tif,128,128,7,1.0,True
AP_KURNOOL_2008_09_Rabi,KURNOOL,2008-09,Rabi,data\raw\satellite\AP_KURNOOL_2008_09_Rabi.tif,128,128,7,1.0,True
AP_NELLORE_2008_09_Kharif,NELLORE,2008-09,Kharif,data\raw\satellite\AP_NELLORE_2008_09_Kharif.tif,128,128,7,1.0,True
AP_NELLORE_2008_09_Rabi,NELLORE,2008-09,Rabi,data\raw\satellite\AP_NELLORE_2008_09_Rabi.tif,128,128,7,1.0,True
AP_PRAKASAM_2008_09_Kharif,PRAKASAM,2008-09,Kharif,data\raw\satellite\AP_PRAKASAM_2008_09_Kharif.tif,128,128,7,1.0,True
AP_SRIKAKULAM_2008_09_Kharif,SRIKAKULAM,2008-09,Kharif,data\raw\satellite\AP_SRIKAKULAM_2008_09_Kharif.tif,128,128,7,1.0,True
AP_SRIKAKULAM_2008_09_Rabi,SRIKAKULAM,2008-09,Rabi,data\raw\satellite\AP_SRIKAKULAM_2008_09_Rabi.tif,128,128,7,1.0,True
AP_VISAKHAPATNAM_2008_09_Kharif,VISAKHAPATNAM,2008-09,Kharif,data\raw\satellite\AP_VISAKHAPATNAM_2008_09_Kharif.tif,128,128,7,1.0,True
AP_VISAKHAPATNAM_2008_09_Rabi,VISAKHAPATNAM,2008-09,Rabi,data\raw\satellite\AP_VISAKHAPATNAM_2008_09_Rabi.tif,128,128,7,1.0,True
AP_VIZIANAGARM_2008_09_Kharif,VIZIANAGARM,2008-09,Kharif,data\raw\satellite\AP_VIZIANAGARM_2008_09_Kharif.tif,128,128,7,1.0,True
AP_VIZIANAGARM_2008_09_Rabi,VIZIANAGARM,2008-09,Rabi,data\raw\satellite\AP_VIZIANAGARM_2008_09_Rabi.tif,128,128,7,1.0,True
AP_WEST_GODAVARI_2008_09_Kharif,WEST GODAVARI,2008-09,Kharif,data\raw\satellite\AP_WEST_GODAVARI_2008_09_Kharif.tif,128,128,7,1.0,True
AP_WEST_GODAVARI_2008_09_Rabi,WEST GODAVARI,2008-09,Rabi,data\raw\satellite\AP_WEST_GODAVARI_2008_09_Rabi.tif,128,128,7,1.0,True
AP_ANANTPUR_2009_10_Kharif,ANANTPUR,2009-10,Kharif,data\raw\satellite\AP_ANANTPUR_2009_10_Kharif.tif,128,128,7,1.0,True
AP_ANANTPUR_2009_10_Rabi,ANANTPUR,2009-10,Rabi,data\raw\satellite\AP_ANANTPUR_2009_10_Rabi.tif,128,128,7,1.0,True
AP_CHITTOOR_2009_10_Kharif,CHITTOOR,2009-10,Kharif,data\raw\satellite\AP_CHITTOOR_2009_10_Kharif.tif,128,128,7,1.0,True
AP_CHITTOOR_2009_10_Rabi,CHITTOOR,2009-10,Rabi,data\raw\satellite\AP_CHITTOOR_2009_10_Rabi.tif,128,128,7,1.0,True
AP_CUDDAPAH_2009_10_Kharif,CUDDAPAH,2009-10,Kharif,data\raw\satellite\AP_CUDDAPAH_2009_10_Kharif.tif,128,128,7,1.0,True
AP_CUDDAPAH_2009_10_Rabi,CUDDAPAH,2009-10,Rabi,data\raw\satellite\AP_CUDDAPAH_2009_10_Rabi.tif,128,128,7,1.0,True
AP_EAST_GODAVARI_2009_10_Kharif,EAST GODAVARI,2009-10,Kharif,data\raw\satellite\AP_EAST_GODAVARI_2009_10_Kharif.tif,128,128,7,1.0,True
AP_EAST_GODAVARI_2009_10_Rabi,EAST GODAVARI,2009-10,Rabi,data\raw\satellite\AP_EAST_GODAVARI_2009_10_Rabi.tif,128,128,7,1.0,True
AP_GUNTUR_2009_10_Kharif,GUNTUR,2009-10,Kharif,data\raw\satellite\AP_GUNTUR_2009_10_Kharif.tif,128,128,7,1.0,True
AP_GUNTUR_2009_10_Rabi,GUNTUR,2009-10,Rabi,data\raw\satellite\AP_GUNTUR_2009_10_Rabi.tif,128,128,7,1.0,True
AP_KRISHNA_2009_10_Kharif,KRISHNA,2009-10,Kharif,data\raw\satellite\AP_KRISHNA_2009_10_Kharif.tif,128,128,7,1.0,True
AP_KRISHNA_2009_10_Rabi,KRISHNA,2009-10,Rabi,data\raw\satellite\AP_KRISHNA_2009_10_Rabi.tif,128,128,7,1.0,True
AP_KURNOOL_2009_10_Kharif,KURNOOL,2009-10,Kharif,data\raw\satellite\AP_KURNOOL_2009_10_Kharif.tif,128,128,7,1.0,True
AP_KURNOOL_2009_10_Rabi,KURNOOL,2009-10,Rabi,data\raw\satellite\AP_KURNOOL_2009_10_Rabi.tif,128,128,7,1.0,True
AP_NELLORE_2009_10_Kharif,NELLORE,2009-10,Kharif,data\raw\satellite\AP_NELLORE_2009_10_Kharif.tif,128,128,7,1.0,True
AP_NELLORE_2009_10_Rabi,NELLORE,2009-10,Rabi,data\raw\satellite\AP_NELLORE_2009_10_Rabi.tif,128,128,7,1.0,True
AP_PRAKASAM_2009_10_Kharif,PRAKASAM,2009-10,Kharif,data\raw\satellite\AP_PRAKASAM_2009_10_Kharif.tif,128,128,7,1.0,True
AP_PRAKASAM_2009_10_Rabi,PRAKASAM,2009-10,Rabi,data\raw\satellite\AP_PRAKASAM_2009_10_Rabi.tif,128,128,7,1.0,True
AP_SRIKAKULAM_2009_10_Kharif,SRIKAKULAM,2009-10,Kharif,data\raw\satellite\AP_SRIKAKULAM_2009_10_Kharif.tif,128,128,7,1.0,True
AP_SRIKAKULAM_2009_10_Rabi,SRIKAKULAM,2009-10,Rabi,data\raw\satellite\AP_SRIKAKULAM_2009_10_Rabi.tif,128,128,7,1.0,True
AP_VISAKHAPATNAM_2009_10_Kharif,VISAKHAPATNAM,2009-10,Kharif,data\raw\satellite\AP_VISAKHAPATNAM_2009_10_Kharif.tif,128,128,7,1.0,True
AP_VISAKHAPATNAM_2009_10_Rabi,VISAKHAPATNAM,2009-10,Rabi,data\raw\satellite\AP_VISAKHAPATNAM_2009_10_Rabi.tif,128,128,7,1.0,True
AP_VIZIANAGARM_2009_10_Kharif,VIZIANAGARM,2009-10,Kharif,data\raw\satellite\AP_VIZIANAGARM_2009_10_Kharif.tif,128,128,7,1.0,True
AP_VIZIANAGARM_2009_10_Rabi,VIZIANAGARM,2009-10,Rabi,data\raw\satellite\AP_VIZIANAGARM_2009_10_Rabi.tif,128,128,7,1.0,True
AP_WEST_GODAVARI_2009_10_Kharif,WEST GODAVARI,2009-10,Kharif,data\raw\satellite\AP_WEST_GODAVARI_2009_10_Kharif.tif,128,128,7,0.999755859375,True
AP_WEST_GODAVARI_2009_10_Rabi,WEST GODAVARI,2009-10,Rabi,data\raw\satellite\AP_WEST_GODAVARI_2009_10_Rabi.tif,128,128,7,1.0,True
AP_ANANTPUR_2010_11_Kharif,ANANTPUR,2010-11,Kharif,data\raw\satellite\AP_ANANTPUR_2010_11_Kharif.tif,128,128,7,1.0,True
AP_ANANTPUR_2010_11_Rabi,ANANTPUR,2010-11,Rabi,data\raw\satellite\AP_ANANTPUR_2010_11_Rabi.tif,128,128,7,1.0,True
AP_CHITTOOR_2010_11_Kharif,CHITTOOR,2010-11,Kharif,data\raw\satellite\AP_CHITTOOR_2010_11_Kharif.tif,128,128,7,1.0,True
AP_CHITTOOR_2010_11_Rabi,CHITTOOR,2010-11,Rabi,data\raw\satellite\AP_CHITTOOR_2010_11_Rabi.tif,128,128,7,1.0,True
AP_CUDDAPAH_2010_11_Kharif,CUDDAPAH,2010-11,Kharif,data\raw\satellite\AP_CUDDAPAH_2010_11_Kharif.tif,128,128,7,1.0,True
AP_CUDDAPAH_2010_11_Rabi,CUDDAPAH,2010-11,Rabi,data\raw\satellite\AP_CUDDAPAH_2010_11_Rabi.tif,128,128,7,1.0,True
AP_EAST_GODAVARI_2010_11_Kharif,EAST GODAVARI,2010-11,Kharif,data\raw\satellite\AP_EAST_GODAVARI_2010_11_Kharif.tif,128,128,7,1.0,True
AP_EAST_GODAVARI_2010_11_Rabi,EAST GODAVARI,2010-11,Rabi,data\raw\satellite\AP_EAST_GODAVARI_2010_11_Rabi.tif,128,128,7,1.0,True
AP_GUNTUR_2010_11_Kharif,GUNTUR,2010-11,Kharif,data\raw\satellite\AP_GUNTUR_2010_11_Kharif.tif,128,128,7,1.0,True
AP_GUNTUR_2010_11_Rabi,GUNTUR,2010-11,Rabi,data\raw\satellite\AP_GUNTUR_2010_11_Rabi.tif,128,128,7,1.0,True
AP_KRISHNA_2010_11_Kharif,KRISHNA,2010-11,Kharif,data\raw\satellite\AP_KRISHNA_2010_11_Kharif.tif,128,128,7,1.0,True
AP_KRISHNA_2010_11_Rabi,KRISHNA,2010-11,Rabi,data\raw\satellite\AP_KRISHNA_2010_11_Rabi.tif,128,128,7,0.5313720703125,True
AP_KURNOOL_2010_11_Kharif,KURNOOL,2010-11,Kharif,data\raw\satellite\AP_KURNOOL_2010_11_Kharif.tif,128,128,7,1.0,True
AP_KURNOOL_2010_11_Rabi,KURNOOL,2010-11,Rabi,data\raw\satellite\AP_KURNOOL_2010_11_Rabi.tif,128,128,7,1.0,True
AP_NELLORE_2010_11_Kharif,NELLORE,2010-11,Kharif,data\raw\satellite\AP_NELLORE_2010_11_Kharif.tif,128,128,7,1.0,True
AP_NELLORE_2010_11_Rabi,NELLORE,2010-11,Rabi,data\raw\satellite\AP_NELLORE_2010_11_Rabi.tif,128,128,7,1.0,True
AP_PRAKASAM_2010_11_Kharif,PRAKASAM,2010-11,Kharif,data\raw\satellite\AP_PRAKASAM_2010_11_Kharif.tif,128,128,7,1.0,True
AP_PRAKASAM_2010_11_Rabi,PRAKASAM,2010-11,Rabi,data\raw\satellite\AP_PRAKASAM_2010_11_Rabi.tif,128,128,7,1.0,True
AP_SRIKAKULAM_2010_11_Kharif,SRIKAKULAM,2010-11,Kharif,data\raw\satellite\AP_SRIKAKULAM_2010_11_Kharif.tif,128,128,7,1.0,True
AP_SRIKAKULAM_2010_11_Rabi,SRIKAKULAM,2010-11,Rabi,data\raw\satellite\AP_SRIKAKULAM_2010_11_Rabi.tif,128,128,7,1.0,True
AP_VISAKHAPATNAM_2010_11_Kharif,VISAKHAPATNAM,2010-11,Kharif,data\raw\satellite\AP_VISAKHAPATNAM_2010_11_Kharif.tif,128,128,7,1.0,True
AP_VISAKHAPATNAM_2010_11_Rabi,VISAKHAPATNAM,2010-11,Rabi,data\raw\satellite\AP_VISAKHAPATNAM_2010_11_Rabi.tif,128,128,7,1.0,True
AP_VIZIANAGARM_2010_11_Kharif,VIZIANAGARM,2010-11,Kharif,data\raw\satellite\AP_VIZIANAGARM_2010_11_Kharif.tif,128,128,7,1.0,True
AP_VIZIANAGARM_2010_11_Rabi,VIZIANAGARM,2010-11,Rabi,data\raw\satellite\AP_VIZIANAGARM_2010_11_Rabi.tif,128,128,7,1.0,True
AP_WEST_GODAVARI_2010_11_Kharif,WEST GODAVARI,2010-11,Kharif,data\raw\satellite\AP_WEST_GODAVARI_2010_11_Kharif.tif,128,128,7,1.0,True
AP_WEST_GODAVARI_2010_11_Rabi,WEST GODAVARI,2010-11,Rabi,data\raw\satellite\AP_WEST_GODAVARI_2010_11_Rabi.tif,128,128,7,1.0,True
AP_ANANTPUR_2011_12_Kharif,ANANTPUR,2011-12,Kharif,data\raw\satellite\AP_ANANTPUR_2011_12_Kharif.tif,128,128,7,1.0,True
AP_CHITTOOR_2011_12_Kharif,CHITTOOR,2011-12,Kharif,data\raw\satellite\AP_CHITTOOR_2011_12_Kharif.tif,128,128,7,0.95404052734375,True
AP_GUNTUR_2011_12_Kharif,GUNTUR,2011-12,Kharif,data\raw\satellite\AP_GUNTUR_2011_12_Kharif.tif,128,128,7,1.0,True
AP_KRISHNA_2011_12_Kharif,KRISHNA,2011-12,Kharif,data\raw\satellite\AP_KRISHNA_2011_12_Kharif.tif,128,128,7,1.0,True
AP_KRISHNA_2011_12_Rabi,KRISHNA,2011-12,Rabi,data\raw\satellite\AP_KRISHNA_2011_12_Rabi.tif,128,128,7,1.0,True
AP_KURNOOL_2011_12_Kharif,KURNOOL,2011-12,Kharif,data\raw\satellite\AP_KURNOOL_2011_12_Kharif.tif,128,128,7,1.0,True
AP_NELLORE_2011_12_Kharif,NELLORE,2011-12,Kharif,data\raw\satellite\AP_NELLORE_2011_12_Kharif.tif,128,128,7,1.0,True
AP_PRAKASAM_2011_12_Kharif,PRAKASAM,2011-12,Kharif,data\raw\satellite\AP_PRAKASAM_2011_12_Kharif.tif,128,128,7,1.0,True
AP_SRIKAKULAM_2011_12_Kharif,SRIKAKULAM,2011-12,Kharif,data\raw\satellite\AP_SRIKAKULAM_2011_12_Kharif.tif,128,128,7,1.0,True
AP_SRIKAKULAM_2011_12_Rabi,SRIKAKULAM,2011-12,Rabi,data\raw\satellite\AP_SRIKAKULAM_2011_12_Rabi.tif,128,128,7,1.0,True
AP_VISAKHAPATNAM_2011_12_Kharif,VISAKHAPATNAM,2011-12,Kharif,data\raw\satellite\AP_VISAKHAPATNAM_2011_12_Kharif.tif,128,128,7,1.0,True
AP_VISAKHAPATNAM_2011_12_Rabi,VISAKHAPATNAM,2011-12,Rabi,data\raw\satellite\AP_VISAKHAPATNAM_2011_12_Rabi.tif,128,128,7,0.59649658203125,True
AP_VIZIANAGARM_2011_12_Kharif,VIZIANAGARM,2011-12,Kharif,data\raw\satellite\AP_VIZIANAGARM_2011_12_Kharif.tif,128,128,7,1.0,True
AP_VIZIANAGARM_2011_12_Rabi,VIZIANAGARM,2011-12,Rabi,data\raw\satellite\AP_VIZIANAGARM_2011_12_Rabi.tif,128,128,7,0.30767822265625,True
AP_WEST_GODAVARI_2011_12_Kharif,WEST GODAVARI,2011-12,Kharif,data\raw\satellite\AP_WEST_GODAVARI_2011_12_Kharif.tif,128,128,7,1.0,True
AP_WEST_GODAVARI_2011_12_Rabi,WEST GODAVARI,2011-12,Rabi,data\raw\satellite\AP_WEST_GODAVARI_2011_12_Rabi.tif,128,128,7,1.0,True
