district,nitrogen_g_kg,ph,soc_g_kg,clay_pct,source
ANANTPUR,13.757819722812563,7.022067565635477,24.427901805143534,30.968394256295447,"SoilGrids250m v2.0, 0-5 cm"
CHITTOOR,19.219871379604662,6.878309068111622,28.169090051960307,32.22250046664876,"SoilGrids250m v2.0, 0-5 cm"
CUDDAPAH,17.10398213438201,6.9044531241681355,28.76264525952744,33.088188871613625,"SoilGrids250m v2.0, 0-5 cm"
KURNOOL,13.801724971322193,7.048403433393132,26.20748623277451,32.027350694164014,"SoilGrids250m v2.0, 0-5 cm"
EAST GODAVARI,21.41465328946665,6.328744539465743,30.258220620167997,29.010240784648214,"SoilGrids250m v2.0, 0-5 cm"
GUNTUR,17.594687542360624,6.698301809463518,26.969679092459238,29.724661033388845,"SoilGrids250m v2.0, 0-5 cm"
KRISHNA,18.37604118022811,6.591039499788747,24.102534514418934,29.017546490916782,"SoilGrids250m v2.0, 0-5 cm"
NELLORE,21.73368402678552,7.041906328188477,38.66749194001453,32.443916044715166,"SoilGrids250m v2.0, 0-5 cm"
PRAKASAM,18.01355463379939,6.901399315352778,33.6612982360848,31.241871967470747,"SoilGrids250m v2.0, 0-5 cm"
SRIKAKULAM,18.72222802315578,6.333037725803371,24.6896097145429,29.091008988226076,"SoilGrids250m v2.0, 0-5 cm"
VISAKHAPATNAM,23.35825825650538,6.133861642358521,29.753307896500246,29.069546047440742,"SoilGrids250m v2.0, 0-5 cm"
VIZIANAGARM,18.843123481815336,6.250087429704417,24.588354343100846,28.868523847457926,"SoilGrids250m v2.0, 0-5 cm"
WEST GODAVARI,17.74021746812425,6.506598769997579,24.247073398410798,28.39682066439456,"SoilGrids250m v2.0, 0-5 cm"
