sample_id,district,year,season,weather_start,weather_end,weather_record_count,weather_available
AP_ANANTPUR_1998_99_Kharif,ANANTPUR,1998-99,Kharif,1998-06-01,1998-11-30,183,True
AP_ANANTPUR_1998_99_Rabi,ANANTPUR,1998-99,Rabi,1998-11-01,1999-04-30,181,True
AP_CHITTOOR_1998_99_Kharif,CHITTOOR,1998-99,Kharif,1998-06-01,1998-11-30,183,True
AP_CHITTOOR_1998_99_Rabi,CHITTOOR,1998-99,Rabi,1998-11-01,1999-04-30,181,True
AP_CUDDAPAH_1998_99_Kharif,CUDDAPAH,1998-99,Kharif,1998-06-01,1998-11-30,183,True
AP_CUDDAPAH_1998_99_Rabi,CUDDAPAH,1998-99,Rabi,1998-11-01,1999-04-30,181,True
AP_EAST_GODAVARI_1998_99_Kharif,EAST GODAVARI,1998-99,Kharif,1998-06-01,1998-11-30,183,True
AP_EAST_GODAVARI_1998_99_Rabi,EAST GODAVARI,1998-99,Rabi,1998-11-01,1999-04-30,181,True
AP_GUNTUR_1998_99_Kharif,GUNTUR,1998-99,Kharif,1998-06-01,1998-11-30,183,True
AP_GUNTUR_1998_99_Rabi,GUNTUR,1998-99,Rabi,1998-11-01,1999-04-30,181,True
AP_KRISHNA_1998_99_Kharif,KRISHNA,1998-99,Kharif,1998-06-01,1998-11-30,183,True
AP_KRISHNA_1998_99_Rabi,KRISHNA,1998-99,Rabi,1998-11-01,1999-04-30,181,True
AP_KURNOOL_1998_99_Kharif,KURNOOL,1998-99,Kharif,1998-06-01,1998-11-30,183,True
AP_KURNOOL_1998_99_Rabi,KURNOOL,1998-99,Rabi,1998-11-01,1999-04-30,181,True
AP_NELLORE_1998_99_Kharif,NELLORE,1998-99,Kharif,1998-06-01,1998-11-30,183,True
AP_NELLORE_1998_99_Rabi,NELLORE,1998-99,Rabi,1998-11-01,1999-04-30,181,True
AP_PRAKASAM_1998_99_Kharif,PRAKASAM,1998-99,Kharif,1998-06-01,1998-11-30,183,True
AP_PRAKASAM_1998_99_Rabi,PRAKASAM,1998-99,Rabi,1998-11-01,1999-04-30,181,True
AP_SRIKAKULAM_1998_99_Kharif,SRIKAKULAM,1998-99,Kharif,1998-06-01,1998-11-30,183,True
AP_SRIKAKULAM_1998_99_Rabi,SRIKAKULAM,1998-99,Rabi,1998-11-01,1999-04-30,181,True
AP_VISAKHAPATNAM_1998_99_Kharif,VISAKHAPATNAM,1998-99,Kharif,1998-06-01,1998-11-30,183,True
AP_VISAKHAPATNAM_1998_99_Rabi,VISAKHAPATNAM,1998-99,Rabi,1998-11-01,1999-04-30,181,True
AP_VIZIANAGARM_1998_99_Kharif,VIZIANAGARM,1998-99,Kharif,1998-06-01,1998-11-30,183,True
AP_VIZIANAGARM_1998_99_Rabi,VIZIANAGARM,1998-99,Rabi,1998-11-01,1999-04-30,181,True
AP_WEST_GODAVARI_1998_99_Kharif,WEST GODAVARI,1998-99,Kharif,1998-06-01,1998-11-30,183,True
AP_WEST_GODAVARI_1998_99_Rabi,WEST GODAVARI,1998-99,Rabi,1998-11-01,1999-04-30,181,True
AP_ANANTPUR_1999_00_Kharif,ANANTPUR,1999-00,Kharif,1999-06-01,1999-11-30,183,True
AP_ANANTPUR_1999_00_Rabi,ANANTPUR,1999-00,Rabi,1999-11-01,2000-04-30,182,True
AP_CHITTOOR_1999_00_Kharif,CHITTOOR,1999-00,Kharif,1999-06-01,1999-11-30,183,True
AP_CHITTOOR_1999_00_Rabi,CHITTOOR,1999-00,Rabi,1999-11-01,2000-04-30,182,True
AP_CUDDAPAH_1999_00_Kharif,CUDDAPAH,1999-00,Kharif,1999-06-01,1999-11-30,183,True
AP_CUDDAPAH_1999_00_Rabi,CUDDAPAH,1999-00,Rabi,1999-11-01,2000-04-30,182,True
AP_EAST_GODAVARI_1999_00_Kharif,EAST GODAVARI,1999-00,Kharif,1999-06-01,1999-11-30,183,True
AP_EAST_GODAVARI_1999_00_Rabi,EAST GODAVARI,1999-00,Rabi,1999-11-01,2000-04-30,182,True
AP_GUNTUR_1999_00_Kharif,GUNTUR,1999-00,Kharif,1999-06-01,1999-11-30,183,True
AP_GUNTUR_1999_00_Rabi,GUNTUR,1999-00,Rabi,1999-11-01,2000-04-30,182,True
AP_KRISHNA_1999_00_Kharif,KRISHNA,1999-00,Kharif,1999-06-01,1999-11-30,183,True
AP_KRISHNA_1999_00_Rabi,KRISHNA,1999-00,Rabi,1999-11-01,2000-04-30,182,True
AP_KURNOOL_1999_00_Kharif,KURNOOL,1999-00,Kharif,1999-06-01,1999-11-30,183,True
AP_KURNOOL_1999_00_Rabi,KURNOOL,1999-00,Rabi,1999-11-01,2000-04-30,182,True
AP_NELLORE_1999_00_Kharif,NELLORE,1999-00,Kharif,1999-06-01,1999-11-30,183,True
AP_NELLORE_1999_00_Rabi,NELLORE,1999-00,Rabi,1999-11-01,2000-04-30,182,True
AP_PRAKASAM_1999_00_Kharif,PRAKASAM,1999-00,Kharif,1999-06-01,1999-11-30,183,True
AP_PRAKASAM_1999_00_Rabi,PRAKASAM,1999-00,Rabi,1999-11-01,2000-04-30,182,True
AP_SRIKAKULAM_1999_00_Kharif,SRIKAKULAM,1999-00,Kharif,1999-06-01,1999-11-30,183,True
AP_SRIKAKULAM_1999_00_Rabi,SRIKAKULAM,1999-00,Rabi,1999-11-01,2000-04-30,182,True
AP_VISAKHAPATNAM_1999_00_Kharif,VISAKHAPATNAM,1999-00,Kharif,1999-06-01,1999-11-30,183,True
AP_VISAKHAPATNAM_1999_00_Rabi,VISAKHAPATNAM,1999-00,Rabi,1999-11-01,2000-04-30,182,True
AP_VIZIANAGARM_1999_00_Kharif,VIZIANAGARM,1999-00,Kharif,1999-06-01,1999-11-30,183,True
AP_VIZIANAGARM_1999_00_Rabi,VIZIANAGARM,1999-00,Rabi,1999-11-01,2000-04-30,182,True
AP_WEST_GODAVARI_1999_00_Kharif,WEST GODAVARI,1999-00,Kharif,1999-06-01,1999-11-30,183,True
AP_WEST_GODAVARI_1999_00_Rabi,WEST GODAVARI,1999-00,Rabi,1999-11-01,2000-04-30,182,True
AP_ANANTPUR_2000_01_Kharif,ANANTPUR,2000-01,Kharif,2000-06-01,2000-11-30,183,True
AP_ANANTPUR_2000_01_Rabi,ANANTPUR,2000-01,Rabi,2000-11-01,2001-04-30,181,True
AP_CHITTOOR_2000_01_Kharif,CHITTOOR,2000-01,Kharif,2000-06-01,2000-11-30,183,True
AP_CHITTOOR_2000_01_Rabi,CHITTOOR,2000-01,Rabi,2000-11-01,2001-04-30,181,True
AP_CUDDAPAH_2000_01_Kharif,CUDDAPAH,2000-01,Kharif,2000-06-01,2000-11-30,183,True
AP_CUDDAPAH_2000_01_Rabi,CUDDAPAH,2000-01,Rabi,2000-11-01,2001-04-30,181,True
AP_EAST_GODAVARI_2000_01_Kharif,EAST GODAVARI,2000-01,Kharif,2000-06-01,2000-11-30,183,True
AP_EAST_GODAVARI_2000_01_Rabi,EAST GODAVARI,2000-01,Rabi,2000-11-01,2001-04-30,181,True
AP_GUNTUR_2000_01_Kharif,GUNTUR,2000-01,Kharif,2000-06-01,2000-11-30,183,True
AP_GUNTUR_2000_01_Rabi,GUNTUR,2000-01,Rabi,2000-11-01,2001-04-30,181,True
AP_KRISHNA_2000_01_Kharif,KRISHNA,2000-01,Kharif,2000-06-01,2000-11-30,183,True
AP_KRISHNA_2000_01_Rabi,KRISHNA,2000-01,Rabi,2000-11-01,2001-04-30,181,True
AP_KURNOOL_2000_01_Kharif,KURNOOL,2000-01,Kharif,2000-06-01,2000-11-30,183,True
AP_KURNOOL_2000_01_Rabi,KURNOOL,2000-01,Rabi,2000-11-01,2001-04-30,181,True
AP_NELLORE_2000_01_Kharif,NELLORE,2000-01,Kharif,2000-06-01,2000-11-30,183,True
AP_NELLORE_2000_01_Rabi,NELLORE,2000-01,Rabi,2000-11-01,2001-04-30,181,True
AP_PRAKASAM_2000_01_Kharif,PRAKASAM,2000-01,Kharif,2000-06-01,2000-11-30,183,True
AP_PRAKASAM_2000_01_Rabi,PRAKASAM,2000-01,Rabi,2000-11-01,2001-04-30,181,True
AP_SRIKAKULAM_2000_01_Kharif,SRIKAKULAM,2000-01,Kharif,2000-06-01,2000-11-30,183,True
AP_SRIKAKULAM_2000_01_Rabi,SRIKAKULAM,2000-01,Rabi,2000-11-01,2001-04-30,181,True
AP_VISAKHAPATNAM_2000_01_Kharif,VISAKHAPATNAM,2000-01,Kharif,2000-06-01,2000-11-30,183,True
AP_VISAKHAPATNAM_2000_01_Rabi,VISAKHAPATNAM,2000-01,Rabi,2000-11-01,2001-04-30,181,True
AP_VIZIANAGARM_2000_01_Kharif,VIZIANAGARM,2000-01,Kharif,2000-06-01,2000-11-30,183,True
AP_VIZIANAGARM_2000_01_Rabi,VIZIANAGARM,2000-01,Rabi,2000-11-01,2001-04-30,181,True
AP_WEST_GODAVARI_2000_01_Kharif,WEST GODAVARI,2000-01,Kharif,2000-06-01,2000-11-30,183,True
AP_WEST_GODAVARI_2000_01_Rabi,WEST GODAVARI,2000-01,Rabi,2000-11-01,2001-04-30,181,True
AP_ANANTPUR_2001_02_Kharif,ANANTPUR,2001-02,Kharif,2001-06-01,2001-11-30,183,True
AP_ANANTPUR_2001_02_Rabi,ANANTPUR,2001-02,Rabi,2001-11-01,2002-04-30,181,True
AP_CHITTOOR_2001_02_Kharif,CHITTOOR,2001-02,Kharif,2001-06-01,2001-11-30,183,True
AP_CHITTOOR_2001_02_Rabi,CHITTOOR,2001-02,Rabi,2001-11-01,2002-04-30,181,True
AP_CUDDAPAH_2001_02_Kharif,CUDDAPAH,2001-02,Kharif,2001-06-01,2001-11-30,183,True
AP_CUDDAPAH_2001_02_Rabi,CUDDAPAH,2001-02,Rabi,2001-11-01,2002-04-30,181,True
AP_EAST_GODAVARI_2001_02_Kharif,EAST GODAVARI,2001-02,Kharif,2001-06-01,2001-11-30,183,True
AP_EAST_GODAVARI_2001_02_Rabi,EAST GODAVARI,2001-02,Rabi,2001-11-01,2002-04-30,181,True
AP_GUNTUR_2001_02_Kharif,GUNTUR,2001-02,Kharif,2001-06-01,2001-11-30,183,True
AP_GUNTUR_2001_02_Rabi,GUNTUR,2001-02,Rabi,2001-11-01,2002-04-30,181,True
AP_KRISHNA_2001_02_Kharif,KRISHNA,2001-02,Kharif,2001-06-01,2001-11-30,183,True
AP_KRISHNA_2001_02_Rabi,KRISHNA,2001-02,Rabi,2001-11-01,2002-04-30,181,True
AP_KURNOOL_2001_02_Kharif,KURNOOL,2001-02,Kharif,2001-06-01,2001-11-30,183,True
AP_KURNOOL_2001_02_Rabi,KURNOOL,2001-02,Rabi,2001-11-01,2002-04-30,181,True
AP_NELLORE_2001_02_Kharif,NELLORE,2001-02,Kharif,2001-06-01,2001-11-30,183,True
AP_NELLORE_2001_02_Rabi,NELLORE,2001-02,Rabi,2001-11-01,2002-04-30,181,True
AP_PRAKASAM_2001_02_Kharif,PRAKASAM,2001-02,Kharif,2001-06-01,2001-11-30,183,True
AP_PRAKASAM_2001_02_Rabi,PRAKASAM,2001-02,Rabi,2001-11-01,2002-04-30,181,True
AP_SRIKAKULAM_2001_02_Kharif,SRIKAKULAM,2001-02,Kharif,2001-06-01,2001-11-30,183,True
AP_SRIKAKULAM_2001_02_Rabi,SRIKAKULAM,2001-02,Rabi,2001-11-01,2002-04-30,181,True
AP_VISAKHAPATNAM_2001_02_Kharif,VISAKHAPATNAM,2001-02,Kharif,2001-06-01,2001-11-30,183,True
AP_VISAKHAPATNAM_2001_02_Rabi,VISAKHAPATNAM,2001-02,Rabi,2001-11-01,2002-04-30,181,True
AP_VIZIANAGARM_2001_02_Kharif,VIZIANAGARM,2001-02,Kharif,2001-06-01,2001-11-30,183,True
AP_VIZIANAGARM_2001_02_Rabi,VIZIANAGARM,2001-02,Rabi,2001-11-01,2002-04-30,181,True
AP_WEST_GODAVARI_2001_02_Kharif,WEST GODAVARI,2001-02,Kharif,2001-06-01,2001-11-30,183,True
AP_WEST_GODAVARI_2001_02_Rabi,WEST GODAVARI,2001-02,Rabi,2001-11-01,2002-04-30,181,True
AP_ANANTPUR_2002_03_Kharif,ANANTPUR,2002-03,Kharif,2002-06-01,2002-11-30,183,True
AP_ANANTPUR_2002_03_Rabi,ANANTPUR,2002-03,Rabi,2002-11-01,2003-04-30,181,True
AP_CHITTOOR_2002_03_Kharif,CHITTOOR,2002-03,Kharif,2002-06-01,2002-11-30,183,True
AP_CHITTOOR_2002_03_Rabi,CHITTOOR,2002-03,Rabi,2002-11-01,2003-04-30,181,True
AP_CUDDAPAH_2002_03_Kharif,CUDDAPAH,2002-03,Kharif,2002-06-01,2002-11-30,183,True
AP_CUDDAPAH_2002_03_Rabi,CUDDAPAH,2002-03,Rabi,2002-11-01,2003-04-30,181,True
AP_EAST_GODAVARI_2002_03_Kharif,EAST GODAVARI,2002-03,Kharif,2002-06-01,2002-11-30,183,True
AP_EAST_GODAVARI_2002_03_Rabi,EAST GODAVARI,2002-03,Rabi,2002-11-01,2003-04-30,181,True
AP_GUNTUR_2002_03_Kharif,GUNTUR,2002-03,Kharif,2002-06-01,2002-11-30,183,True
AP_GUNTUR_2002_03_Rabi,GUNTUR,2002-03,Rabi,2002-11-01,2003-04-30,181,True
AP_KRISHNA_2002_03_Kharif,KRISHNA,2002-03,Kharif,2002-06-01,2002-11-30,183,True
AP_KRISHNA_2002_03_Rabi,KRISHNA,2002-03,Rabi,2002-11-01,2003-04-30,181,True
AP_KURNOOL_2002_03_Kharif,KURNOOL,2002-03,Kharif,2002-06-01,2002-11-30,183,True
AP_KURNOOL_2002_03_Rabi,KURNOOL,2002-03,Rabi,2002-11-01,2003-04-30,181,True
AP_NELLORE_2002_03_Kharif,NELLORE,2002-03,Kharif,2002-06-01,2002-11-30,183,True
AP_NELLORE_2002_03_Rabi,NELLORE,2002-03,Rabi,2002-11-01,2003-04-30,181,True
AP_PRAKASAM_2002_03_Kharif,PRAKASAM,2002-03,Kharif,2002-06-01,2002-11-30,183,True
AP_PRAKASAM_2002_03_Rabi,PRAKASAM,2002-03,Rabi,2002-11-01,2003-04-30,181,True
AP_SRIKAKULAM_2002_03_Kharif,SRIKAKULAM,2002-03,Kharif,2002-06-01,2002-11-30,183,True
AP_SRIKAKULAM_2002_03_Rabi,SRIKAKULAM,2002-03,Rabi,2002-11-01,2003-04-30,181,True
AP_VISAKHAPATNAM_2002_03_Kharif,VISAKHAPATNAM,2002-03,Kharif,2002-06-01,2002-11-30,183,True
AP_VISAKHAPATNAM_2002_03_Rabi,VISAKHAPATNAM,2002-03,Rabi,2002-11-01,2003-04-30,181,True
AP_VIZIANAGARM_2002_03_Kharif,VIZIANAGARM,2002-03,Kharif,2002-06-01,2002-11-30,183,True
AP_VIZIANAGARM_2002_03_Rabi,VIZIANAGARM,2002-03,Rabi,2002-11-01,2003-04-30,181,True
AP_WEST_GODAVARI_2002_03_Kharif,WEST GODAVARI,2002-03,Kharif,2002-06-01,2002-11-30,183,True
AP_WEST_GODAVARI_2002_03_Rabi,WEST GODAVARI,2002-03,Rabi,2002-11-01,2003-04-30,181,True
AP_ANANTPUR_2003_04_Kharif,ANANTPUR,2003-04,Kharif,2003-06-01,2003-11-30,183,True
AP_ANANTPUR_2003_04_Rabi,ANANTPUR,2003-04,Rabi,2003-11-01,2004-04-30,182,True
AP_CHITTOOR_2003_04_Kharif,CHITTOOR,2003-04,Kharif,2003-06-01,2003-11-30,183,True
AP_CHITTOOR_2003_04_Rabi,CHITTOOR,2003-04,Rabi,2003-11-01,2004-04-30,182,True
AP_CUDDAPAH_2003_04_Kharif,CUDDAPAH,2003-04,Kharif,2003-06-01,2003-11-30,183,True
AP_CUDDAPAH_2003_04_Rabi,CUDDAPAH,2003-04,Rabi,2003-11-01,2004-04-30,182,True
AP_EAST_GODAVARI_2003_04_Kharif,EAST GODAVARI,2003-04,Kharif,2003-06-01,2003-11-30,183,True
AP_EAST_GODAVARI_2003_04_Rabi,EAST GODAVARI,2003-04,Rabi,2003-11-01,2004-04-30,182,True
AP_GUNTUR_2003_04_Kharif,GUNTUR,2003-04,Kharif,2003-06-01,2003-11-30,183,True
AP_GUNTUR_2003_04_Rabi,GUNTUR,2003-04,Rabi,2003-11-01,2004-04-30,182,True
AP_KRISHNA_2003_04_Kharif,KRISHNA,2003-04,Kharif,2003-06-01,2003-11-30,183,True
AP_KRISHNA_2003_04_Rabi,KRISHNA,2003-04,Rabi,2003-11-01,2004-04-30,182,True
AP_KURNOOL_2003_04_Kharif,KURNOOL,2003-04,Kharif,2003-06-01,2003-11-30,183,True
AP_KURNOOL_2003_04_Rabi,KURNOOL,2003-04,Rabi,2003-11-01,2004-04-30,182,True
AP_NELLORE_2003_04_Kharif,NELLORE,2003-04,Kharif,2003-06-01,2003-11-30,183,True
AP_NELLORE_2003_04_Rabi,NELLORE,2003-04,Rabi,2003-11-01,2004-04-30,182,True
AP_PRAKASAM_2003_04_Kharif,PRAKASAM,2003-04,Kharif,2003-06-01,2003-11-30,183,True
AP_PRAKASAM_2003_04_Rabi,PRAKASAM,2003-04,Rabi,2003-11-01,2004-04-30,182,True
AP_SRIKAKULAM_2003_04_Kharif,SRIKAKULAM,2003-04,Kharif,2003-06-01,2003-11-30,183,True
AP_SRIKAKULAM_2003_04_Rabi,SRIKAKULAM,2003-04,Rabi,2003-11-01,2004-04-30,182,True
AP_VISAKHAPATNAM_2003_04_Kharif,VISAKHAPATNAM,2003-04,Kharif,2003-06-01,2003-11-30,183,True
AP_VISAKHAPATNAM_2003_04_Rabi,VISAKHAPATNAM,2003-04,Rabi,2003-11-01,2004-04-30,182,True
AP_VIZIANAGARM_2003_04_Kharif,VIZIANAGARM,2003-04,Kharif,2003-06-01,2003-11-30,183,True
AP_VIZIANAGARM_2003_04_Rabi,VIZIANAGARM,2003-04,Rabi,2003-11-01,2004-04-30,182,True
AP_WEST_GODAVARI_2003_04_Kharif,WEST GODAVARI,2003-04,Kharif,2003-06-01,2003-11-30,183,True
AP_WEST_GODAVARI_2003_04_Rabi,WEST GODAVARI,2003-04,Rabi,2003-11-01,2004-04-30,182,True
AP_ANANTPUR_2004_05_Kharif,ANANTPUR,2004-05,Kharif,2004-06-01,2004-11-30,183,True
AP_ANANTPUR_2004_05_Rabi,ANANTPUR,2004-05,Rabi,2004-11-01,2005-04-30,181,True
AP_CHITTOOR_2004_05_Kharif,CHITTOOR,2004-05,Kharif,2004-06-01,2004-11-30,183,True
AP_CHITTOOR_2004_05_Rabi,CHITTOOR,2004-05,Rabi,2004-11-01,2005-04-30,181,True
AP_CUDDAPAH_2004_05_Kharif,CUDDAPAH,2004-05,Kharif,2004-06-01,2004-11-30,183,True
AP_CUDDAPAH_2004_05_Rabi,CUDDAPAH,2004-05,Rabi,2004-11-01,2005-04-30,181,True
AP_EAST_GODAVARI_2004_05_Kharif,EAST GODAVARI,2004-05,Kharif,2004-06-01,2004-11-30,183,True
AP_EAST_GODAVARI_2004_05_Rabi,EAST GODAVARI,2004-05,Rabi,2004-11-01,2005-04-30,181,True
AP_GUNTUR_2004_05_Kharif,GUNTUR,2004-05,Kharif,2004-06-01,2004-11-30,183,True
AP_GUNTUR_2004_05_Rabi,GUNTUR,2004-05,Rabi,2004-11-01,2005-04-30,181,True
AP_KRISHNA_2004_05_Kharif,KRISHNA,2004-05,Kharif,2004-06-01,2004-11-30,183,True
AP_KRISHNA_2004_05_Rabi,KRISHNA,2004-05,Rabi,2004-11-01,2005-04-30,181,True
AP_KURNOOL_2004_05_Kharif,KURNOOL,2004-05,Kharif,2004-06-01,2004-11-30,183,True
AP_KURNOOL_2004_05_Rabi,KURNOOL,2004-05,Rabi,2004-11-01,2005-04-30,181,True
AP_NELLORE_2004_05_Kharif,NELLORE,2004-05,Kharif,2004-06-01,2004-11-30,183,True
AP_NELLORE_2004_05_Rabi,NELLORE,2004-05,Rabi,2004-11-01,2005-04-30,181,True
AP_PRAKASAM_2004_05_Kharif,PRAKASAM,2004-05,Kharif,2004-06-01,2004-11-30,183,True
AP_PRAKASAM_2004_05_Rabi,PRAKASAM,2004-05,Rabi,2004-11-01,2005-04-30,181,True
AP_SRIKAKULAM_2004_05_Kharif,SRIKAKULAM,2004-05,Kharif,2004-06-01,2004-11-30,183,True
AP_SRIKAKULAM_2004_05_Rabi,SRIKAKULAM,2004-05,Rabi,2004-11-01,2005-04-30,181,True
AP_VISAKHAPATNAM_2004_05_Kharif,VISAKHAPATNAM,2004-05,Kharif,2004-06-01,2004-11-30,183,True
AP_VISAKHAPATNAM_2004_05_Rabi,VISAKHAPATNAM,2004-05,Rabi,2004-11-01,2005-04-30,181,True
AP_VIZIANAGARM_2004_05_Kharif,VIZIANAGARM,2004-05,Kharif,2004-06-01,2004-11-30,183,True
AP_VIZIANAGARM_2004_05_Rabi,VIZIANAGARM,2004-05,Rabi,2004-11-01,2005-04-30,181,True
AP_WEST_GODAVARI_2004_05_Kharif,WEST GODAVARI,2004-05,Kharif,2004-06-01,2004-11-30,183,True
AP_WEST_GODAVARI_2004_05_Rabi,WEST GODAVARI,2004-05,Rabi,2004-11-01,2005-04-30,181,True
AP_ANANTPUR_2005_06_Kharif,ANANTPUR,2005-06,Kharif,2005-06-01,2005-11-30,183,True
AP_ANANTPUR_2005_06_Rabi,ANANTPUR,2005-06,Rabi,2005-11-01,2006-04-30,181,True
AP_CHITTOOR_2005_06_Kharif,CHITTOOR,2005-06,Kharif,2005-06-01,2005-11-30,183,True
AP_CHITTOOR_2005_06_Rabi,CHITTOOR,2005-06,Rabi,2005-11-01,2006-04-30,181,True
AP_CUDDAPAH_2005_06_Kharif,CUDDAPAH,2005-06,Kharif,2005-06-01,2005-11-30,183,True
AP_CUDDAPAH_2005_06_Rabi,CUDDAPAH,2005-06,Rabi,2005-11-01,2006-04-30,181,True
AP_EAST_GODAVARI_2005_06_Kharif,EAST GODAVARI,2005-06,Kharif,2005-06-01,2005-11-30,183,True
AP_EAST_GODAVARI_2005_06_Rabi,EAST GODAVARI,2005-06,Rabi,2005-11-01,2006-04-30,181,True
AP_GUNTUR_2005_06_Kharif,GUNTUR,2005-06,Kharif,2005-06-01,2005-11-30,183,True
AP_GUNTUR_2005_06_Rabi,GUNTUR,2005-06,Rabi,2005-11-01,2006-04-30,181,True
AP_KRISHNA_2005_06_Kharif,KRISHNA,2005-06,Kharif,2005-06-01,2005-11-30,183,True
AP_KRISHNA_2005_06_Rabi,KRISHNA,2005-06,Rabi,2005-11-01,2006-04-30,181,True
AP_KURNOOL_2005_06_Kharif,KURNOOL,2005-06,Kharif,2005-06-01,2005-11-30,183,True
AP_KURNOOL_2005_06_Rabi,KURNOOL,2005-06,Rabi,2005-11-01,2006-04-30,181,True
AP_NELLORE_2005_06_Kharif,NELLORE,2005-06,Kharif,2005-06-01,2005-11-30,183,True
AP_NELLORE_2005_06_Rabi,NELLORE,2005-06,Rabi,2005-11-01,2006-04-30,181,True
AP_PRAKASAM_2005_06_Kharif,PRAKASAM,2005-06,Kharif,2005-06-01,2005-11-30,183,True
AP_PRAKASAM_2005_06_Rabi,PRAKASAM,2005-06,Rabi,2005-11-01,2006-04-30,181,True
AP_SRIKAKULAM_2005_06_Kharif,SRIKAKULAM,2005-06,Kharif,2005-06-01,2005-11-30,183,True
AP_SRIKAKULAM_2005_06_Rabi,SRIKAKULAM,2005-06,Rabi,2005-11-01,2006-04-30,181,True
AP_VISAKHAPATNAM_2005_06_Kharif,VISAKHAPATNAM,2005-06,Kharif,2005-06-01,2005-11-30,183,True
AP_VISAKHAPATNAM_2005_06_Rabi,VISAKHAPATNAM,2005-06,Rabi,2005-11-01,2006-04-30,181,True
AP_VIZIANAGARM_2005_06_Kharif,VIZIANAGARM,2005-06,Kharif,2005-06-01,2005-11-30,183,True
AP_VIZIANAGARM_2005_06_Rabi,VIZIANAGARM,2005-06,Rabi,2005-11-01,2006-04-30,181,True
AP_WEST_GODAVARI_2005_06_Kharif,WEST GODAVARI,2005-06,Kharif,2005-06-01,2005-11-30,183,True
AP_WEST_GODAVARI_2005_06_Rabi,WEST GODAVARI,2005-06,Rabi,2005-11-01,2006-04-30,181,True
AP_ANANTPUR_2006_07_Kharif,ANANTPUR,2006-07,Kharif,2006-06-01,2006-11-30,183,True
AP_ANANTPUR_2006_07_Rabi,ANANTPUR,2006-07,Rabi,2006-11-01,2007-04-30,181,True
AP_CHITTOOR_2006_07_Kharif,CHITTOOR,2006-07,Kharif,2006-06-01,2006-11-30,183,True
AP_CHITTOOR_2006_07_Rabi,CHITTOOR,2006-07,Rabi,2006-11-01,2007-04-30,181,True
AP_CUDDAPAH_2006_07_Kharif,CUDDAPAH,2006-07,Kharif,2006-06-01,2006-11-30,183,True
AP_CUDDAPAH_2006_07_Rabi,CUDDAPAH,2006-07,Rabi,2006-11-01,2007-04-30,181,True
AP_EAST_GODAVARI_2006_07_Kharif,EAST GODAVARI,2006-07,Kharif,2006-06-01,2006-11-30,183,True
AP_EAST_GODAVARI_2006_07_Rabi,EAST GODAVARI,2006-07,Rabi,2006-11-01,2007-04-30,181,True
AP_GUNTUR_2006_07_Kharif,GUNTUR,2006-07,Kharif,2006-06-01,2006-11-30,183,True
AP_GUNTUR_2006_07_Rabi,GUNTUR,2006-07,Rabi,2006-11-01,2007-04-30,181,True
AP_KRISHNA_2006_07_Kharif,KRISHNA,2006-07,Kharif,2006-06-01,2006-11-30,183,True
AP_KRISHNA_2006_07_Rabi,KRISHNA,2006-07,Rabi,2006-11-01,2007-04-30,181,True
AP_KURNOOL_2006_07_Kharif,KURNOOL,2006-07,Kharif,2006-06-01,2006-11-30,183,True
AP_KURNOOL_2006_07_Rabi,KURNOOL,2006-07,Rabi,2006-11-01,2007-04-30,181,True
AP_NELLORE_2006_07_Kharif,NELLORE,2006-07,Kharif,2006-06-01,2006-11-30,183,True
AP_NELLORE_2006_07_Rabi,NELLORE,2006-07,Rabi,2006-11-01,2007-04-30,181,True
AP_PRAKASAM_2006_07_Kharif,PRAKASAM,2006-07,Kharif,2006-06-01,2006-11-30,183,True
AP_PRAKASAM_2006_07_Rabi,PRAKASAM,2006-07,Rabi,2006-11-01,2007-04-30,181,True
AP_SRIKAKULAM_2006_07_Kharif,SRIKAKULAM,2006-07,Kharif,2006-06-01,2006-11-30,183,True
AP_SRIKAKULAM_2006_07_Rabi,SRIKAKULAM,2006-07,Rabi,2006-11-01,2007-04-30,181,True
AP_VISAKHAPATNAM_2006_07_Kharif,VISAKHAPATNAM,2006-07,Kharif,2006-06-01,2006-11-30,183,True
AP_VISAKHAPATNAM_2006_07_Rabi,VISAKHAPATNAM,2006-07,Rabi,2006-11-01,2007-04-30,181,True
AP_VIZIANAGARM_2006_07_Kharif,VIZIANAGARM,2006-07,Kharif,2006-06-01,2006-11-30,183,True
AP_VIZIANAGARM_2006_07_Rabi,VIZIANAGARM,2006-07,Rabi,2006-11-01,2007-04-30,181,True
AP_WEST_GODAVARI_2006_07_Kharif,WEST GODAVARI,2006-07,Kharif,2006-06-01,2006-11-30,183,True
AP_WEST_GODAVARI_2006_07_Rabi,WEST GODAVARI,2006-07,Rabi,2006-11-01,2007-04-30,181,True
AP_ANANTPUR_2007_08_Kharif,ANANTPUR,2007-08,Kharif,2007-06-01,2007-11-30,183,True
AP_ANANTPUR_2007_08_Rabi,ANANTPUR,2007-08,Rabi,2007-11-01,2008-04-30,182,True
AP_CHITTOOR_2007_08_Kharif,CHITTOOR,2007-08,Kharif,2007-06-01,2007-11-30,183,True
AP_CHITTOOR_2007_08_Rabi,CHITTOOR,2007-08,Rabi,2007-11-01,2008-04-30,182,True
AP_CUDDAPAH_2007_08_Kharif,CUDDAPAH,2007-08,Kharif,2007-06-01,2007-11-30,183,True
AP_CUDDAPAH_2007_08_Rabi,CUDDAPAH,2007-08,Rabi,2007-11-01,2008-04-30,182,True
AP_EAST_GODAVARI_2007_08_Kharif,EAST GODAVARI,2007-08,Kharif,2007-06-01,2007-11-30,183,True
AP_EAST_GODAVARI_2007_08_Rabi,EAST GODAVARI,2007-08,Rabi,2007-11-01,2008-04-30,182,True
AP_GUNTUR_2007_08_Kharif,GUNTUR,2007-08,Kharif,2007-06-01,2007-11-30,183,True
AP_GUNTUR_2007_08_Rabi,GUNTUR,2007-08,Rabi,2007-11-01,2008-04-30,182,True
AP_KRISHNA_2007_08_Kharif,KRISHNA,2007-08,Kharif,2007-06-01,2007-11-30,183,True
AP_KRISHNA_2007_08_Rabi,KRISHNA,2007-08,Rabi,2007-11-01,2008-04-30,182,True
AP_KURNOOL_2007_08_Kharif,KURNOOL,2007-08,Kharif,2007-06-01,2007-11-30,183,True
AP_KURNOOL_2007_08_Rabi,KURNOOL,2007-08,Rabi,2007-11-01,2008-04-30,182,True
AP_NELLORE_2007_08_Kharif,NELLORE,2007-08,Kharif,2007-06-01,2007-11-30,183,True
AP_NELLORE_2007_08_Rabi,NELLORE,2007-08,Rabi,2007-11-01,2008-04-30,182,True
AP_PRAKASAM_2007_08_Kharif,PRAKASAM,2007-08,Kharif,2007-06-01,2007-11-30,183,True
AP_PRAKASAM_2007_08_Rabi,PRAKASAM,2007-08,Rabi,2007-11-01,2008-04-30,182,True
AP_SRIKAKULAM_2007_08_Kharif,SRIKAKULAM,2007-08,Kharif,2007-06-01,2007-11-30,183,True
AP_SRIKAKULAM_2007_08_Rabi,SRIKAKULAM,2007-08,Rabi,2007-11-01,2008-04-30,182,True
AP_VISAKHAPATNAM_2007_08_Kharif,VISAKHAPATNAM,2007-08,Kharif,2007-06-01,2007-11-30,183,True
AP_VISAKHAPATNAM_2007_08_Rabi,VISAKHAPATNAM,2007-08,Rabi,2007-11-01,2008-04-30,182,True
AP_VIZIANAGARM_2007_08_Kharif,VIZIANAGARM,2007-08,Kharif,2007-06-01,2007-11-30,183,True
AP_VIZIANAGARM_2007_08_Rabi,VIZIANAGARM,2007-08,Rabi,2007-11-01,2008-04-30,182,True
AP_WEST_GODAVARI_2007_08_Kharif,WEST GODAVARI,2007-08,Kharif,2007-06-01,2007-11-30,183,True
AP_WEST_GODAVARI_2007_08_Rabi,WEST GODAVARI,2007-08,Rabi,2007-11-01,2008-04-30,182,True
AP_ANANTPUR_2008_09_Kharif,ANANTPUR,2008-09,Kharif,2008-06-01,2008-11-30,183,True
AP_ANANTPUR_2008_09_Rabi,ANANTPUR,2008-09,Rabi,2008-11-01,2009-04-30,181,True
AP_CHITTOOR_2008_09_Kharif,CHITTOOR,2008-09,Kharif,2008-06-01,2008-11-30,183,True
AP_CHITTOOR_2008_09_Rabi,CHITTOOR,2008-09,Rabi,2008-11-01,2009-04-30,181,True
AP_CUDDAPAH_2008_09_Kharif,CUDDAPAH,2008-09,Kharif,2008-06-01,2008-11-30,183,True
AP_CUDDAPAH_2008_09_Rabi,CUDDAPAH,2008-09,Rabi,2008-11-01,2009-04-30,181,True
AP_EAST_GODAVARI_2008_09_Kharif,EAST GODAVARI,2008-09,Kharif,2008-06-01,2008-11-30,183,True
AP_EAST_GODAVARI_2008_09_Rabi,EAST GODAVARI,2008-09,Rabi,2008-11-01,2009-04-30,181,True
AP_GUNTUR_2008_09_Kharif,GUNTUR,2008-09,Kharif,2008-06-01,2008-11-30,183,True
AP_GUNTUR_2008_09_Rabi,GUNTUR,2008-09,Rabi,2008-11-01,2009-04-30,181,True
AP_KRISHNA_2008_09_Kharif,KRISHNA,2008-09,Kharif,2008-06-01,2008-11-30,183,True
AP_KRISHNA_2008_09_Rabi,KRISHNA,2008-09,Rabi,2008-11-01,2009-04-30,181,True
AP_KURNOOL_2008_09_Kharif,KURNOOL,2008-09,Kharif,2008-06-01,2008-11-30,183,True
AP_KURNOOL_2008_09_Rabi,KURNOOL,2008-09,Rabi,2008-11-01,2009-04-30,181,True
AP_NELLORE_2008_09_Kharif,NELLORE,2008-09,Kharif,2008-06-01,2008-11-30,183,True
AP_NELLORE_2008_09_Rabi,NELLORE,2008-09,Rabi,2008-11-01,2009-04-30,181,True
AP_PRAKASAM_2008_09_Kharif,PRAKASAM,2008-09,Kharif,2008-06-01,2008-11-30,183,True
AP_PRAKASAM_2008_09_Rabi,PRAKASAM,2008-09,Rabi,2008-11-01,2009-04-30,181,True
AP_SRIKAKULAM_2008_09_Kharif,SRIKAKULAM,2008-09,Kharif,2008-06-01,2008-11-30,183,True
AP_SRIKAKULAM_2008_09_Rabi,SRIKAKULAM,2008-09,Rabi,2008-11-01,2009-04-30,181,True
AP_VISAKHAPATNAM_2008_09_Kharif,VISAKHAPATNAM,2008-09,Kharif,2008-06-01,2008-11-30,183,True
AP_VISAKHAPATNAM_2008_09_Rabi,VISAKHAPATNAM,2008-09,Rabi,2008-11-01,2009-04-30,181,True
AP_VIZIANAGARM_2008_09_Kharif,VIZIANAGARM,2008-09,Kharif,2008-06-01,2008-11-30,183,True
AP_VIZIANAGARM_2008_09_Rabi,VIZIANAGARM,2008-09,Rabi,2008-11-01,2009-04-30,181,True
AP_WEST_GODAVARI_2008_09_Kharif,WEST GODAVARI,2008-09,Kharif,2008-06-01,2008-11-30,183,True
AP_WEST_GODAVARI_2008_09_Rabi,WEST GODAVARI,2008-09,Rabi,2008-11-01,2009-04-30,181,True
AP_ANANTPUR_2009_10_Kharif,ANANTPUR,2009-10,Kharif,2009-06-01,2009-11-30,183,True
AP_ANANTPUR_2009_10_Rabi,ANANTPUR,2009-10,Rabi,2009-11-01,2010-04-30,181,True
AP_CHITTOOR_2009_10_Kharif,CHITTOOR,2009-10,Kharif,2009-06-01,2009-11-30,183,True
AP_CHITTOOR_2009_10_Rabi,CHITTOOR,2009-10,Rabi,2009-11-01,2010-04-30,181,True
AP_CUDDAPAH_2009_10_Kharif,CUDDAPAH,2009-10,Kharif,2009-06-01,2009-11-30,183,True
AP_CUDDAPAH_2009_10_Rabi,CUDDAPAH,2009-10,Rabi,2009-11-01,2010-04-30,181,True
AP_EAST_GODAVARI_2009_10_Kharif,EAST GODAVARI,2009-10,Kharif,2009-06-01,2009-11-30,183,True
AP_EAST_GODAVARI_2009_10_Rabi,EAST GODAVARI,2009-10,Rabi,2009-11-01,2010-04-30,181,True
AP_GUNTUR_2009_10_Kharif,GUNTUR,2009-10,Kharif,2009-06-01,2009-11-30,183,True
AP_GUNTUR_2009_10_Rabi,GUNTUR,2009-10,Rabi,2009-11-01,2010-04-30,181,True
AP_KRISHNA_2009_10_Kharif,KRISHNA,2009-10,Kharif,2009-06-01,2009-11-30,183,True
AP_KRISHNA_2009_10_Rabi,KRISHNA,2009-10,Rabi,2009-11-01,2010-04-30,181,True
AP_KURNOOL_2009_10_Kharif,KURNOOL,2009-10,Kharif,2009-06-01,2009-11-30,183,True
AP_KURNOOL_2009_10_Rabi,KURNOOL,2009-10,Rabi,2009-11-01,2010-04-30,181,True
AP_NELLORE_2009_10_Kharif,NELLORE,2009-10,Kharif,2009-06-01,2009-11-30,183,True
AP_NELLORE_2009_10_Rabi,NELLORE,2009-10,Rabi,2009-11-01,2010-04-30,181,True
AP_PRAKASAM_2009_10_Kharif,PRAKASAM,2009-10,Kharif,2009-06-01,2009-11-30,183,True
AP_PRAKASAM_2009_10_Rabi,PRAKASAM,2009-10,Rabi,2009-11-01,2010-04-30,181,True
AP_SRIKAKULAM_2009_10_Kharif,SRIKAKULAM,2009-10,Kharif,2009-06-01,2009-11-30,183,True
AP_SRIKAKULAM_2009_10_Rabi,SRIKAKULAM,2009-10,Rabi,2009-11-01,2010-04-30,181,True
AP_VISAKHAPATNAM_2009_10_Kharif,VISAKHAPATNAM,2009-10,Kharif,2009-06-01,2009-11-30,183,True
AP_VISAKHAPATNAM_2009_10_Rabi,VISAKHAPATNAM,2009-10,Rabi,2009-11-01,2010-04-30,181,True
AP_VIZIANAGARM_2009_10_Kharif,VIZIANAGARM,2009-10,Kharif,2009-06-01,2009-11-30,183,True
AP_VIZIANAGARM_2009_10_Rabi,VIZIANAGARM,2009-10,Rabi,2009-11-01,2010-04-30,181,True
AP_WEST_GODAVARI_2009_10_Kharif,WEST GODAVARI,2009-10,Kharif,2009-06-01,2009-11-30,183,True
AP_WEST_GODAVARI_2009_10_Rabi,WEST GODAVARI,2009-10,Rabi,2009-11-01,2010-04-30,181,True
AP_ANANTPUR_2010_11_Kharif,ANANTPUR,2010-11,Kharif,2010-06-01,2010-11-30,183,True
AP_ANANTPUR_2010_11_Rabi,ANANTPUR,2010-11,Rabi,2010-11-01,2011-04-30,181,True
AP_CHITTOOR_2010_11_Kharif,CHITTOOR,2010-11,Kharif,2010-06-01,2010-11-30,183,True
AP_CHITTOOR_2010_11_Rabi,CHITTOOR,2010-11,Rabi,2010-11-01,2011-04-30,181,True
AP_CUDDAPAH_2010_11_Kharif,CUDDAPAH,2010-11,Kharif,2010-06-01,2010-11-30,183,True
AP_CUDDAPAH_2010_11_Rabi,CUDDAPAH,2010-11,Rabi,2010-11-01,2011-04-30,181,True
AP_EAST_GODAVARI_2010_11_Kharif,EAST GODAVARI,2010-11,Kharif,2010-06-01,2010-11-30,183,True
AP_EAST_GODAVARI_2010_11_Rabi,EAST GODAVARI,2010-11,Rabi,2010-11-01,2011-04-30,181,True
AP_GUNTUR_2010_11_Kharif,GUNTUR,2010-11,Kharif,2010-06-01,2010-11-30,183,True
AP_GUNTUR_2010_11_Rabi,GUNTUR,2010-11,Rabi,2010-11-01,2011-04-30,181,True
AP_KRISHNA_2010_11_Kharif,KRISHNA,2010-11,Kharif,2010-06-01,2010-11-30,183,True
AP_KRISHNA_2010_11_Rabi,KRISHNA,2010-11,Rabi,2010-11-01,2011-04-30,181,True
AP_KURNOOL_2010_11_Kharif,KURNOOL,2010-11,Kharif,2010-06-01,2010-11-30,183,True
AP_KURNOOL_2010_11_Rabi,KURNOOL,2010-11,Rabi,2010-11-01,2011-04-30,181,True
AP_NELLORE_2010_11_Kharif,NELLORE,2010-11,Kharif,2010-06-01,2010-11-30,183,True
AP_NELLORE_2010_11_Rabi,NELLORE,2010-11,Rabi,2010-11-01,2011-04-30,181,True
AP_PRAKASAM_2010_11_Kharif,PRAKASAM,2010-11,Kharif,2010-06-01,2010-11-30,183,True
AP_PRAKASAM_2010_11_Rabi,PRAKASAM,2010-11,Rabi,2010-11-01,2011-04-30,181,True
AP_SRIKAKULAM_2010_11_Kharif,SRIKAKULAM,2010-11,Kharif,2010-06-01,2010-11-30,183,True
AP_SRIKAKULAM_2010_11_Rabi,SRIKAKULAM,2010-11,Rabi,2010-11-01,2011-04-30,181,True
AP_VISAKHAPATNAM_2010_11_Kharif,VISAKHAPATNAM,2010-11,Kharif,2010-06-01,2010-11-30,183,True
AP_VISAKHAPATNAM_2010_11_Rabi,VISAKHAPATNAM,2010-11,Rabi,2010-11-01,2011-04-30,181,True
AP_VIZIANAGARM_2010_11_Kharif,VIZIANAGARM,2010-11,Kharif,2010-06-01,2010-11-30,183,True
AP_VIZIANAGARM_2010_11_Rabi,VIZIANAGARM,2010-11,Rabi,2010-11-01,2011-04-30,181,True
AP_WEST_GODAVARI_2010_11_Kharif,WEST GODAVARI,2010-11,Kharif,2010-06-01,2010-11-30,183,True
AP_WEST_GODAVARI_2010_11_Rabi,WEST GODAVARI,2010-11,Rabi,2010-11-01,2011-04-30,181,True
AP_ANANTPUR_2011_12_Kharif,ANANTPUR,2011-12,Kharif,2011-06-01,2011-11-30,183,True
AP_ANANTPUR_2011_12_Rabi,ANANTPUR,2011-12,Rabi,2011-11-01,2012-04-30,182,True
AP_CHITTOOR_2011_12_Kharif,CHITTOOR,2011-12,Kharif,2011-06-01,2011-11-30,183,True
AP_CHITTOOR_2011_12_Rabi,CHITTOOR,2011-12,Rabi,2011-11-01,2012-04-30,182,True
AP_CUDDAPAH_2011_12_Kharif,CUDDAPAH,2011-12,Kharif,2011-06-01,2011-11-30,183,True
AP_CUDDAPAH_2011_12_Rabi,CUDDAPAH,2011-12,Rabi,2011-11-01,2012-04-30,182,True
AP_EAST_GODAVARI_2011_12_Kharif,EAST GODAVARI,2011-12,Kharif,2011-06-01,2011-11-30,183,True
AP_EAST_GODAVARI_2011_12_Rabi,EAST GODAVARI,2011-12,Rabi,2011-11-01,2012-04-30,182,True
AP_GUNTUR_2011_12_Kharif,GUNTUR,2011-12,Kharif,2011-06-01,2011-11-30,183,True
AP_GUNTUR_2011_12_Rabi,GUNTUR,2011-12,Rabi,2011-11-01,2012-04-30,182,True
AP_KRISHNA_2011_12_Kharif,KRISHNA,2011-12,Kharif,2011-06-01,2011-11-30,183,True
AP_KRISHNA_2011_12_Rabi,KRISHNA,2011-12,Rabi,2011-11-01,2012-04-30,182,True
AP_KURNOOL_2011_12_Kharif,KURNOOL,2011-12,Kharif,2011-06-01,2011-11-30,183,True
AP_KURNOOL_2011_12_Rabi,KURNOOL,2011-12,Rabi,2011-11-01,2012-04-30,182,True
AP_NELLORE_2011_12_Kharif,NELLORE,2011-12,Kharif,2011-06-01,2011-11-30,183,True
AP_NELLORE_2011_12_Rabi,NELLORE,2011-12,Rabi,2011-11-01,2012-04-30,182,True
AP_PRAKASAM_2011_12_Kharif,PRAKASAM,2011-12,Kharif,2011-06-01,2011-11-30,183,True
AP_PRAKASAM_2011_12_Rabi,PRAKASAM,2011-12,Rabi,2011-11-01,2012-04-30,182,True
AP_SRIKAKULAM_2011_12_Kharif,SRIKAKULAM,2011-12,Kharif,2011-06-01,2011-11-30,183,True
AP_SRIKAKULAM_2011_12_Rabi,SRIKAKULAM,2011-12,Rabi,2011-11-01,2012-04-30,182,True
AP_VISAKHAPATNAM_2011_12_Kharif,VISAKHAPATNAM,2011-12,Kharif,2011-06-01,2011-11-30,183,True
AP_VISAKHAPATNAM_2011_12_Rabi,VISAKHAPATNAM,2011-12,Rabi,2011-11-01,2012-04-30,182,True
AP_VIZIANAGARM_2011_12_Kharif,VIZIANAGARM,2011-12,Kharif,2011-06-01,2011-11-30,183,True
AP_VIZIANAGARM_2011_12_Rabi,VIZIANAGARM,2011-12,Rabi,2011-11-01,2012-04-30,182,True
AP_WEST_GODAVARI_2011_12_Kharif,WEST GODAVARI,2011-12,Kharif,2011-06-01,2011-11-30,183,True
AP_WEST_GODAVARI_2011_12_Rabi,WEST GODAVARI,2011-12,Rabi,2011-11-01,2012-04-30,182,True
