sample_id,weather_path,record_count,expected_record_count,weather_valid
AP_ANANTPUR_1998_99_Kharif,data\raw\weather\AP_ANANTPUR_1998_99_Kharif.csv,183,183,True
AP_ANANTPUR_1998_99_Rabi,data\raw\weather\AP_ANANTPUR_1998_99_Rabi.csv,181,181,True
AP_CHITTOOR_1998_99_Kharif,data\raw\weather\AP_CHITTOOR_1998_99_Kharif.csv,183,183,True
AP_CHITTOOR_1998_99_Rabi,data\raw\weather\AP_CHITTOOR_1998_99_Rabi.csv,181,181,True
AP_CUDDAPAH_1998_99_Kharif,data\raw\weather\AP_CUDDAPAH_1998_99_Kharif.csv,183,183,True
AP_CUDDAPAH_1998_99_Rabi,data\raw\weather\AP_CUDDAPAH_1998_99_Rabi.csv,181,181,True
AP_KURNOOL_1998_99_Kharif,data\raw\weather\AP_KURNOOL_1998_99_Kharif.csv,183,183,True
AP_KURNOOL_1998_99_Rabi,data\raw\weather\AP_KURNOOL_1998_99_Rabi.csv,181,181,True
AP_ANANTPUR_1999_00_Rabi,data\raw\weather\AP_ANANTPUR_1999_00_Rabi.csv,182,182,True
AP_CHITTOOR_1999_00_Rabi,data\raw\weather\AP_CHITTOOR_1999_00_Rabi.csv,182,182,True
AP_EAST_GODAVARI_1999_00_Rabi,data\raw\weather\AP_EAST_GODAVARI_1999_00_Rabi.csv,182,182,True
AP_GUNTUR_1999_00_Rabi,data\raw\weather\AP_GUNTUR_1999_00_Rabi.csv,182,182,True
AP_KRISHNA_1999_00_Rabi,data\raw\weather\AP_KRISHNA_1999_00_Rabi.csv,182,182,True
AP_KURNOOL_1999_00_Rabi,data\raw\weather\AP_KURNOOL_1999_00_Rabi.csv,182,182,True
AP_NELLORE_1999_00_Rabi,data\raw\weather\AP_NELLORE_1999_00_Rabi.csv,182,182,True
AP_PRAKASAM_1999_00_Rabi,data\raw\weather\AP_PRAKASAM_1999_00_Rabi.csv,182,182,True
AP_SRIKAKULAM_1999_00_Rabi,data\raw\weather\AP_SRIKAKULAM_1999_00_Rabi.csv,182,182,True
AP_VISAKHAPATNAM_1999_00_Rabi,data\raw\weather\AP_VISAKHAPATNAM_1999_00_Rabi.csv,182,182,True
AP_VIZIANAGARM_1999_00_Rabi,data\raw\weather\AP_VIZIANAGARM_1999_00_Rabi.csv,182,182,True
AP_WEST_GODAVARI_1999_00_Rabi,data\raw\weather\AP_WEST_GODAVARI_1999_00_Rabi.csv,182,182,True
AP_ANANTPUR_2000_01_Kharif,data\raw\weather\AP_ANANTPUR_2000_01_Kharif.csv,183,183,True
AP_ANANTPUR_2000_01_Rabi,data\raw\weather\AP_ANANTPUR_2000_01_Rabi.csv,181,181,True
AP_CHITTOOR_2000_01_Kharif,data\raw\weather\AP_CHITTOOR_2000_01_Kharif.csv,183,183,True
AP_CHITTOOR_2000_01_Rabi,data\raw\weather\AP_CHITTOOR_2000_01_Rabi.csv,181,181,True
AP_CUDDAPAH_2000_01_Kharif,data\raw\weather\AP_CUDDAPAH_2000_01_Kharif.csv,183,183,True
AP_CUDDAPAH_2000_01_Rabi,data\raw\weather\AP_CUDDAPAH_2000_01_Rabi.csv,181,181,True
AP_EAST_GODAVARI_2000_01_Rabi,data\raw\weather\AP_EAST_GODAVARI_2000_01_Rabi.csv,181,181,True
AP_GUNTUR_2000_01_Rabi,data\raw\weather\AP_GUNTUR_2000_01_Rabi.csv,181,181,True
AP_KRISHNA_2000_01_Rabi,data\raw\weather\AP_KRISHNA_2000_01_Rabi.csv,181,181,True
AP_KURNOOL_2000_01_Kharif,data\raw\weather\AP_KURNOOL_2000_01_Kharif.csv,183,183,True
AP_KURNOOL_2000_01_Rabi,data\raw\weather\AP_KURNOOL_2000_01_Rabi.csv,181,181,True
AP_NELLORE_2000_01_Rabi,data\raw\weather\AP_NELLORE_2000_01_Rabi.csv,181,181,True
AP_PRAKASAM_2000_01_Rabi,data\raw\weather\AP_PRAKASAM_2000_01_Rabi.csv,181,181,True
AP_SRIKAKULAM_2000_01_Rabi,data\raw\weather\AP_SRIKAKULAM_2000_01_Rabi.csv,181,181,True
AP_VISAKHAPATNAM_2000_01_Rabi,data\raw\weather\AP_VISAKHAPATNAM_2000_01_Rabi.csv,181,181,True
AP_VIZIANAGARM_2000_01_Rabi,data\raw\weather\AP_VIZIANAGARM_2000_01_Rabi.csv,181,181,True
AP_WEST_GODAVARI_2000_01_Rabi,data\raw\weather\AP_WEST_GODAVARI_2000_01_Rabi.csv,181,181,True
AP_ANANTPUR_2001_02_Kharif,data\raw\weather\AP_ANANTPUR_2001_02_Kharif.csv,183,183,True
AP_CHITTOOR_2001_02_Kharif,data\raw\weather\AP_CHITTOOR_2001_02_Kharif.csv,183,183,True
AP_CUDDAPAH_2001_02_Kharif,data\raw\weather\AP_CUDDAPAH_2001_02_Kharif.csv,183,183,True
AP_EAST_GODAVARI_2001_02_Kharif,data\raw\weather\AP_EAST_GODAVARI_2001_02_Kharif.csv,183,183,True
AP_GUNTUR_2001_02_Kharif,data\raw\weather\AP_GUNTUR_2001_02_Kharif.csv,183,183,True
AP_KRISHNA_2001_02_Kharif,data\raw\weather\AP_KRISHNA_2001_02_Kharif.csv,183,183,True
AP_KURNOOL_2001_02_Kharif,data\raw\weather\AP_KURNOOL_2001_02_Kharif.csv,183,183,True
AP_NELLORE_2001_02_Kharif,data\raw\weather\AP_NELLORE_2001_02_Kharif.csv,183,183,True
AP_PRAKASAM_2001_02_Kharif,data\raw\weather\AP_PRAKASAM_2001_02_Kharif.csv,183,183,True
AP_VISAKHAPATNAM_2001_02_Kharif,data\raw\weather\AP_VISAKHAPATNAM_2001_02_Kharif.csv,183,183,True
AP_WEST_GODAVARI_2001_02_Kharif,data\raw\weather\AP_WEST_GODAVARI_2001_02_Kharif.csv,183,183,True
AP_ANANTPUR_2003_04_Rabi,data\raw\weather\AP_ANANTPUR_2003_04_Rabi.csv,182,182,True
AP_CHITTOOR_2003_04_Kharif,data\raw\weather\AP_CHITTOOR_2003_04_Kharif.csv,183,183,True
AP_CHITTOOR_2003_04_Rabi,data\raw\weather\AP_CHITTOOR_2003_04_Rabi.csv,182,182,True
AP_CUDDAPAH_2003_04_Kharif,data\raw\weather\AP_CUDDAPAH_2003_04_Kharif.csv,183,183,True
AP_CUDDAPAH_2003_04_Rabi,data\raw\weather\AP_CUDDAPAH_2003_04_Rabi.csv,182,182,True
AP_EAST_GODAVARI_2003_04_Kharif,data\raw\weather\AP_EAST_GODAVARI_2003_04_Kharif.csv,183,183,True
AP_EAST_GODAVARI_2003_04_Rabi,data\raw\weather\AP_EAST_GODAVARI_2003_04_Rabi.csv,182,182,True
AP_GUNTUR_2003_04_Kharif,data\raw\weather\AP_GUNTUR_2003_04_Kharif.csv,183,183,True
AP_GUNTUR_2003_04_Rabi,data\raw\weather\AP_GUNTUR_2003_04_Rabi.csv,182,182,True
AP_KRISHNA_2003_04_Kharif,data\raw\weather\AP_KRISHNA_2003_04_Kharif.csv,183,183,True
AP_KRISHNA_2003_04_Rabi,data\raw\weather\AP_KRISHNA_2003_04_Rabi.csv,182,182,True
AP_KURNOOL_2003_04_Kharif,data\raw\weather\AP_KURNOOL_2003_04_Kharif.csv,183,183,True
AP_KURNOOL_2003_04_Rabi,data\raw\weather\AP_KURNOOL_2003_04_Rabi.csv,182,182,True
AP_NELLORE_2003_04_Kharif,data\raw\weather\AP_NELLORE_2003_04_Kharif.csv,183,183,True
AP_NELLORE_2003_04_Rabi,data\raw\weather\AP_NELLORE_2003_04_Rabi.csv,182,182,True
AP_PRAKASAM_2003_04_Kharif,data\raw\weather\AP_PRAKASAM_2003_04_Kharif.csv,183,183,True
AP_PRAKASAM_2003_04_Rabi,data\raw\weather\AP_PRAKASAM_2003_04_Rabi.csv,182,182,True
AP_SRIKAKULAM_2003_04_Kharif,data\raw\weather\AP_SRIKAKULAM_2003_04_Kharif.csv,183,183,True
AP_SRIKAKULAM_2003_04_Rabi,data\raw\weather\AP_SRIKAKULAM_2003_04_Rabi.csv,182,182,True
AP_VISAKHAPATNAM_2003_04_Kharif,data\raw\weather\AP_VISAKHAPATNAM_2003_04_Kharif.csv,183,183,True
AP_VISAKHAPATNAM_2003_04_Rabi,data\raw\weather\AP_VISAKHAPATNAM_2003_04_Rabi.csv,182,182,True
AP_VIZIANAGARM_2003_04_Kharif,data\raw\weather\AP_VIZIANAGARM_2003_04_Kharif.csv,183,183,True
AP_VIZIANAGARM_2003_04_Rabi,data\raw\weather\AP_VIZIANAGARM_2003_04_Rabi.csv,182,182,True
AP_WEST_GODAVARI_2003_04_Kharif,data\raw\weather\AP_WEST_GODAVARI_2003_04_Kharif.csv,183,183,True
AP_WEST_GODAVARI_2003_04_Rabi,data\raw\weather\AP_WEST_GODAVARI_2003_04_Rabi.csv,182,182,True
AP_ANANTPUR_2004_05_Kharif,data\raw\weather\AP_ANANTPUR_2004_05_Kharif.csv,183,183,True
AP_ANANTPUR_2004_05_Rabi,data\raw\weather\AP_ANANTPUR_2004_05_Rabi.csv,181,181,True
AP_CHITTOOR_2004_05_Kharif,data\raw\weather\AP_CHITTOOR_2004_05_Kharif.csv,183,183,True
AP_CHITTOOR_2004_05_Rabi,data\raw\weather\AP_CHITTOOR_2004_05_Rabi.csv,181,181,True
AP_CUDDAPAH_2004_05_Kharif,data\raw\weather\AP_CUDDAPAH_2004_05_Kharif.csv,183,183,True
AP_CUDDAPAH_2004_05_Rabi,data\raw\weather\AP_CUDDAPAH_2004_05_Rabi.csv,181,181,True
AP_EAST_GODAVARI_2004_05_Kharif,data\raw\weather\AP_EAST_GODAVARI_2004_05_Kharif.csv,183,183,True
AP_EAST_GODAVARI_2004_05_Rabi,data\raw\weather\AP_EAST_GODAVARI_2004_05_Rabi.csv,181,181,True
AP_GUNTUR_2004_05_Kharif,data\raw\weather\AP_GUNTUR_2004_05_Kharif.csv,183,183,True
AP_GUNTUR_2004_05_Rabi,data\raw\weather\AP_GUNTUR_2004_05_Rabi.csv,181,181,True
AP_KRISHNA_2004_05_Kharif,data\raw\weather\AP_KRISHNA_2004_05_Kharif.csv,183,183,True
AP_KRISHNA_2004_05_Rabi,data\raw\weather\AP_KRISHNA_2004_05_Rabi.csv,181,181,True
AP_KURNOOL_2004_05_Kharif,data\raw\weather\AP_KURNOOL_2004_05_Kharif.csv,183,183,True
AP_KURNOOL_2004_05_Rabi,data\raw\weather\AP_KURNOOL_2004_05_Rabi.csv,181,181,True
AP_NELLORE_2004_05_Kharif,data\raw\weather\AP_NELLORE_2004_05_Kharif.csv,183,183,True
AP_NELLORE_2004_05_Rabi,data\raw\weather\AP_NELLORE_2004_05_Rabi.csv,181,181,True
AP_PRAKASAM_2004_05_Kharif,data\raw\weather\AP_PRAKASAM_2004_05_Kharif.csv,183,183,True
AP_PRAKASAM_2004_05_Rabi,data\raw\weather\AP_PRAKASAM_2004_05_Rabi.csv,181,181,True
AP_SRIKAKULAM_2004_05_Kharif,data\raw\weather\AP_SRIKAKULAM_2004_05_Kharif.csv,183,183,True
AP_SRIKAKULAM_2004_05_Rabi,data\raw\weather\AP_SRIKAKULAM_2004_05_Rabi.csv,181,181,True
AP_VISAKHAPATNAM_2004_05_Kharif,data\raw\weather\AP_VISAKHAPATNAM_2004_05_Kharif.csv,183,183,True
AP_VISAKHAPATNAM_2004_05_Rabi,data\raw\weather\AP_VISAKHAPATNAM_2004_05_Rabi.csv,181,181,True
AP_VIZIANAGARM_2004_05_Kharif,data\raw\weather\AP_VIZIANAGARM_2004_05_Kharif.csv,183,183,True
AP_VIZIANAGARM_2004_05_Rabi,data\raw\weather\AP_VIZIANAGARM_2004_05_Rabi.csv,181,181,True
AP_WEST_GODAVARI_2004_05_Kharif,data\raw\weather\AP_WEST_GODAVARI_2004_05_Kharif.csv,183,183,True
AP_WEST_GODAVARI_2004_05_Rabi,data\raw\weather\AP_WEST_GODAVARI_2004_05_Rabi.csv,181,181,True
AP_ANANTPUR_2005_06_Kharif,data\raw\weather\AP_ANANTPUR_2005_06_Kharif.csv,183,183,True
AP_ANANTPUR_2005_06_Rabi,data\raw\weather\AP_ANANTPUR_2005_06_Rabi.csv,181,181,True
AP_CHITTOOR_2005_06_Kharif,data\raw\weather\AP_CHITTOOR_2005_06_Kharif.csv,183,183,True
AP_CHITTOOR_2005_06_Rabi,data\raw\weather\AP_CHITTOOR_2005_06_Rabi.csv,181,181,True
AP_CUDDAPAH_2005_06_Kharif,data\raw\weather\AP_CUDDAPAH_2005_06_Kharif.csv,183,183,True
AP_CUDDAPAH_2005_06_Rabi,data\raw\weather\AP_CUDDAPAH_2005_06_Rabi.csv,181,181,True
AP_EAST_GODAVARI_2005_06_Kharif,data\raw\weather\AP_EAST_GODAVARI_2005_06_Kharif.csv,183,183,True
AP_EAST_GODAVARI_2005_06_Rabi,data\raw\weather\AP_EAST_GODAVARI_2005_06_Rabi.csv,181,181,True
AP_GUNTUR_2005_06_Kharif,data\raw\weather\AP_GUNTUR_2005_06_Kharif.csv,183,183,True
AP_GUNTUR_2005_06_Rabi,data\raw\weather\AP_GUNTUR_2005_06_Rabi.csv,181,181,True
AP_KRISHNA_2005_06_Kharif,data\raw\weather\AP_KRISHNA_2005_06_Kharif.csv,183,183,True
AP_KRISHNA_2005_06_Rabi,data\raw\weather\AP_KRISHNA_2005_06_Rabi.csv,181,181,True
AP_KURNOOL_2005_06_Kharif,data\raw\weather\AP_KURNOOL_2005_06_Kharif.csv,183,183,True
AP_KURNOOL_2005_06_Rabi,data\raw\weather\AP_KURNOOL_2005_06_Rabi.csv,181,181,True
AP_NELLORE_2005_06_Kharif,data\raw\weather\AP_NELLORE_2005_06_Kharif.csv,183,183,True
AP_NELLORE_2005_06_Rabi,data\raw\weather\AP_NELLORE_2005_06_Rabi.csv,181,181,True
AP_PRAKASAM_2005_06_Kharif,data\raw\weather\AP_PRAKASAM_2005_06_Kharif.csv,183,183,True
AP_PRAKASAM_2005_06_Rabi,data\raw\weather\AP_PRAKASAM_2005_06_Rabi.csv,181,181,True
AP_SRIKAKULAM_2005_06_Kharif,data\raw\weather\AP_SRIKAKULAM_2005_06_Kharif.csv,183,183,True
AP_SRIKAKULAM_2005_06_Rabi,data\raw\weather\AP_SRIKAKULAM_2005_06_Rabi.csv,181,181,True
AP_VISAKHAPATNAM_2005_06_Kharif,data\raw\weather\AP_VISAKHAPATNAM_2005_06_Kharif.csv,183,183,True
AP_VISAKHAPATNAM_2005_06_Rabi,data\raw\weather\AP_VISAKHAPATNAM_2005_06_Rabi.csv,181,181,True
AP_VIZIANAGARM_2005_06_Kharif,data\raw\weather\AP_VIZIANAGARM_2005_06_Kharif.csv,183,183,True
AP_VIZIANAGARM_2005_06_Rabi,data\raw\weather\AP_VIZIANAGARM_2005_06_Rabi.csv,181,181,True
AP_WEST_GODAVARI_2005_06_Kharif,data\raw\weather\AP_WEST_GODAVARI_2005_06_Kharif.csv,183,183,True
AP_WEST_GODAVARI_2005_06_Rabi,data\raw\weather\AP_WEST_GODAVARI_2005_06_Rabi.csv,181,181,True
AP_ANANTPUR_2006_07_Kharif,data\raw\weather\AP_ANANTPUR_2006_07_Kharif.csv,183,183,True
AP_ANANTPUR_2006_07_Rabi,data\raw\weather\AP_ANANTPUR_2006_07_Rabi.csv,181,181,True
AP_CHITTOOR_2006_07_Kharif,data\raw\weather\AP_CHITTOOR_2006_07_Kharif.csv,183,183,True
AP_CHITTOOR_2006_07_Rabi,data\raw\weather\AP_CHITTOOR_2006_07_Rabi.csv,181,181,True
AP_CUDDAPAH_2006_07_Kharif,data\raw\weather\AP_CUDDAPAH_2006_07_Kharif.csv,183,183,True
AP_CUDDAPAH_2006_07_Rabi,data\raw\weather\AP_CUDDAPAH_2006_07_Rabi.csv,181,181,True
AP_EAST_GODAVARI_2006_07_Kharif,data\raw\weather\AP_EAST_GODAVARI_2006_07_Kharif.csv,183,183,True
AP_EAST_GODAVARI_2006_07_Rabi,data\raw\weather\AP_EAST_GODAVARI_2006_07_Rabi.csv,181,181,True
AP_GUNTUR_2006_07_Kharif,data\raw\weather\AP_GUNTUR_2006_07_Kharif.csv,183,183,True
AP_GUNTUR_2006_07_Rabi,data\raw\weather\AP_GUNTUR_2006_07_Rabi.csv,181,181,True
AP_KRISHNA_2006_07_Kharif,data\raw\weather\AP_KRISHNA_2006_07_Kharif.csv,183,183,True
AP_KRISHNA_2006_07_Rabi,data\raw\weather\AP_KRISHNA_2006_07_Rabi.csv,181,181,True
AP_KURNOOL_2006_07_Kharif,data\raw\weather\AP_KURNOOL_2006_07_Kharif.csv,183,183,True
AP_KURNOOL_2006_07_Rabi,data\raw\weather\AP_KURNOOL_2006_07_Rabi.csv,181,181,True
AP_NELLORE_2006_07_Kharif,data\raw\weather\AP_NELLORE_2006_07_Kharif.csv,183,183,True
AP_NELLORE_2006_07_Rabi,data\raw\weather\AP_NELLORE_2006_07_Rabi.csv,181,181,True
AP_PRAKASAM_2006_07_Kharif,data\raw\weather\AP_PRAKASAM_2006_07_Kharif.csv,183,183,True
AP_PRAKASAM_2006_07_Rabi,data\raw\weather\AP_PRAKASAM_2006_07_Rabi.csv,181,181,True
AP_SRIKAKULAM_2006_07_Kharif,data\raw\weather\AP_SRIKAKULAM_2006_07_Kharif.csv,183,183,True
AP_SRIKAKULAM_2006_07_Rabi,data\raw\weather\AP_SRIKAKULAM_2006_07_Rabi.csv,181,181,True
AP_VISAKHAPATNAM_2006_07_Kharif,data\raw\weather\AP_VISAKHAPATNAM_2006_07_Kharif.csv,183,183,True
AP_VISAKHAPATNAM_2006_07_Rabi,data\raw\weather\AP_VISAKHAPATNAM_2006_07_Rabi.csv,181,181,True
AP_VIZIANAGARM_2006_07_Kharif,data\raw\weather\AP_VIZIANAGARM_2006_07_Kharif.csv,183,183,True
AP_VIZIANAGARM_2006_07_Rabi,data\raw\weather\AP_VIZIANAGARM_2006_07_Rabi.csv,181,181,True
AP_WEST_GODAVARI_2006_07_Kharif,data\raw\weather\AP_WEST_GODAVARI_2006_07_Kharif.csv,183,183,True
AP_WEST_GODAVARI_2006_07_Rabi,data\raw\weather\AP_WEST_GODAVARI_2006_07_Rabi.csv,181,181,True
AP_ANANTPUR_2007_08_Kharif,data\raw\weather\AP_ANANTPUR_2007_08_Kharif.csv,183,183,True
AP_ANANTPUR_2007_08_Rabi,data\raw\weather\AP_ANANTPUR_2007_08_Rabi.csv,182,182,True
AP_CHITTOOR_2007_08_Kharif,data\raw\weather\AP_CHITTOOR_2007_08_Kharif.csv,183,183,True
AP_CHITTOOR_2007_08_Rabi,data\raw\weather\AP_CHITTOOR_2007_08_Rabi.csv,182,182,True
AP_CUDDAPAH_2007_08_Kharif,data\raw\weather\AP_CUDDAPAH_2007_08_Kharif.csv,183,183,True
AP_CUDDAPAH_2007_08_Rabi,data\raw\weather\AP_CUDDAPAH_2007_08_Rabi.csv,182,182,True
AP_EAST_GODAVARI_2007_08_Kharif,data\raw\weather\AP_EAST_GODAVARI_2007_08_Kharif.csv,183,183,True
AP_EAST_GODAVARI_2007_08_Rabi,data\raw\weather\AP_EAST_GODAVARI_2007_08_Rabi.csv,182,182,True
AP_GUNTUR_2007_08_Kharif,data\raw\weather\AP_GUNTUR_2007_08_Kharif.csv,183,183,True
AP_GUNTUR_2007_08_Rabi,data\raw\weather\AP_GUNTUR_2007_08_Rabi.csv,182,182,True
AP_KRISHNA_2007_08_Rabi,data\raw\weather\AP_KRISHNA_2007_08_Rabi.csv,182,182,True
AP_KURNOOL_2007_08_Kharif,data\raw\weather\AP_KURNOOL_2007_08_Kharif.csv,183,183,True
AP_KURNOOL_2007_08_Rabi,data\raw\weather\AP_KURNOOL_2007_08_Rabi.csv,182,182,True
AP_NELLORE_2007_08_Kharif,data\raw\weather\AP_NELLORE_2007_08_Kharif.csv,183,183,True
AP_NELLORE_2007_08_Rabi,data\raw\weather\AP_NELLORE_2007_08_Rabi.csv,182,182,True
AP_PRAKASAM_2007_08_Kharif,data\raw\weather\AP_PRAKASAM_2007_08_Kharif.csv,183,183,True
AP_PRAKASAM_2007_08_Rabi,data\raw\weather\AP_PRAKASAM_2007_08_Rabi.csv,182,182,True
AP_SRIKAKULAM_2007_08_Kharif,data\raw\weather\AP_SRIKAKULAM_2007_08_Kharif.csv,183,183,True
AP_SRIKAKULAM_2007_08_Rabi,data\raw\weather\AP_SRIKAKULAM_2007_08_Rabi.csv,182,182,True
AP_VISAKHAPATNAM_2007_08_Kharif,data\raw\weather\AP_VISAKHAPATNAM_2007_08_Kharif.csv,183,183,True
AP_VISAKHAPATNAM_2007_08_Rabi,data\raw\weather\AP_VISAKHAPATNAM_2007_08_Rabi.csv,182,182,True
AP_VIZIANAGARM_2007_08_Kharif,data\raw\weather\AP_VIZIANAGARM_2007_08_Kharif.csv,183,183,True
AP_VIZIANAGARM_2007_08_Rabi,data\raw\weather\AP_VIZIANAGARM_2007_08_Rabi.csv,182,182,True
AP_WEST_GODAVARI_2007_08_Kharif,data\raw\weather\AP_WEST_GODAVARI_2007_08_Kharif.csv,183,183,True
AP_WEST_GODAVARI_2007_08_Rabi,data\raw\weather\AP_WEST_GODAVARI_2007_08_Rabi.csv,182,182,True
AP_ANANTPUR_2008_09_Kharif,data\raw\weather\AP_ANANTPUR_2008_09_Kharif.csv,183,183,True
AP_ANANTPUR_2008_09_Rabi,data\raw\weather\AP_ANANTPUR_2008_09_Rabi.csv,181,181,True
AP_CHITTOOR_2008_09_Kharif,data\raw\weather\AP_CHITTOOR_2008_09_Kharif.csv,183,183,True
AP_CHITTOOR_2008_09_Rabi,data\raw\weather\AP_CHITTOOR_2008_09_Rabi.csv,181,181,True
AP_CUDDAPAH_2008_09_Kharif,data\raw\weather\AP_CUDDAPAH_2008_09_Kharif.csv,183,183,True
AP_CUDDAPAH_2008_09_Rabi,data\raw\weather\AP_CUDDAPAH_2008_09_Rabi.csv,181,181,True
AP_EAST_GODAVARI_2008_09_Kharif,data\raw\weather\AP_EAST_GODAVARI_2008_09_Kharif.csv,183,183,True
AP_EAST_GODAVARI_2008_09_Rabi,data\raw\weather\AP_EAST_GODAVARI_2008_09_Rabi.csv,181,181,True
AP_GUNTUR_2008_09_Kharif,data\raw\weather\AP_GUNTUR_2008_09_Kharif.csv,183,183,True
AP_GUNTUR_2008_09_Rabi,data\raw\weather\AP_GUNTUR_2008_09_Rabi.csv,181,181,True
AP_KRISHNA_2008_09_Kharif,data\raw\weather\AP_KRISHNA_2008_09_Kharif.csv,183,183,True
AP_KRISHNA_2008_09_Rabi,data\raw\weather\AP_KRISHNA_2008_09_Rabi.csv,181,181,True
AP_KURNOOL_2008_09_Kharif,data\raw\weather\AP_KURNOOL_2008_09_Kharif.csv,183,183,True
AP_KURNOOL_2008_09_Rabi,data\raw\weather\AP_KURNOOL_2008_09_Rabi.csv,181,181,True
AP_NELLORE_2008_09_Kharif,data\raw\weather\AP_NELLORE_2008_09_Kharif.csv,183,183,True
AP_NELLORE_2008_09_Rabi,data\raw\weather\AP_NELLORE_2008_09_Rabi.csv,181,181,True
AP_PRAKASAM_2008_09_Kharif,data\raw\weather\AP_PRAKASAM_2008_09_Kharif.csv,183,183,True
AP_PRAKASAM_2008_09_Rabi,data\raw\weather\AP_PRAKASAM_2008_09_Rabi.csv,181,181,True
AP_SRIKAKULAM_2008_09_Kharif,data\raw\weather\AP_SRIKAKULAM_2008_09_Kharif.csv,183,183,True
AP_SRIKAKULAM_2008_09_Rabi,data\raw\weather\AP_SRIKAKULAM_2008_09_Rabi.csv,181,181,True
AP_VISAKHAPATNAM_2008_09_Kharif,data\raw\weather\AP_VISAKHAPATNAM_2008_09_Kharif.csv,183,183,True
AP_VISAKHAPATNAM_2008_09_Rabi,data\raw\weather\AP_VISAKHAPATNAM_2008_09_Rabi.csv,181,181,True
AP_VIZIANAGARM_2008_09_Kharif,data\raw\weather\AP_VIZIANAGARM_2008_09_Kharif.csv,183,183,True
AP_VIZIANAGARM_2008_09_Rabi,data\raw\weather\AP_VIZIANAGARM_2008_09_Rabi.csv,181,181,True
AP_WEST_GODAVARI_2008_09_Kharif,data\raw\weather\AP_WEST_GODAVARI_2008_09_Kharif.csv,183,183,True
AP_WEST_GODAVARI_2008_09_Rabi,data\raw\weather\AP_WEST_GODAVARI_2008_09_Rabi.csv,181,181,True
AP_ANANTPUR_2009_10_Kharif,data\raw\weather\AP_ANANTPUR_2009_10_Kharif.csv,183,183,True
AP_ANANTPUR_2009_10_Rabi,data\raw\weather\AP_ANANTPUR_2009_10_Rabi.csv,181,181,True
AP_CHITTOOR_2009_10_Kharif,data\raw\weather\AP_CHITTOOR_2009_10_Kharif.csv,183,183,True
AP_CHITTOOR_2009_10_Rabi,data\raw\weather\AP_CHITTOOR_2009_10_Rabi.csv,181,181,True
AP_CUDDAPAH_2009_10_Kharif,data\raw\weather\AP_CUDDAPAH_2009_10_Kharif.csv,183,183,True
AP_CUDDAPAH_2009_10_Rabi,data\raw\weather\AP_CUDDAPAH_2009_10_Rabi.csv,181,181,True
AP_EAST_GODAVARI_2009_10_Kharif,data\raw\weather\AP_EAST_GODAVARI_2009_10_Kharif.csv,183,183,True
AP_EAST_GODAVARI_2009_10_Rabi,data\raw\weather\AP_EAST_GODAVARI_2009_10_Rabi.csv,181,181,True
AP_GUNTUR_2009_10_Kharif,data\raw\weather\AP_GUNTUR_2009_10_Kharif.csv,183,183,True
AP_GUNTUR_2009_10_Rabi,data\raw\weather\AP_GUNTUR_2009_10_Rabi.csv,181,181,True
AP_KRISHNA_2009_10_Kharif,data\raw\weather\AP_KRISHNA_2009_10_Kharif.csv,183,183,True
AP_KRISHNA_2009_10_Rabi,data\raw\weather\AP_KRISHNA_2009_10_Rabi.csv,181,181,True
AP_KURNOOL_2009_10_Kharif,data\raw\weather\AP_KURNOOL_2009_10_Kharif.csv,183,183,True
AP_KURNOOL_2009_10_Rabi,data\raw\weather\AP_KURNOOL_2009_10_Rabi.csv,181,181,True
AP_NELLORE_2009_10_Kharif,data\raw\weather\AP_NELLORE_2009_10_Kharif.csv,183,183,True
AP_NELLORE_2009_10_Rabi,data\raw\weather\AP_NELLORE_2009_10_Rabi.csv,181,181,True
AP_PRAKASAM_2009_10_Kharif,data\raw\weather\AP_PRAKASAM_2009_10_Kharif.csv,183,183,True
AP_PRAKASAM_2009_10_Rabi,data\raw\weather\AP_PRAKASAM_2009_10_Rabi.csv,181,181,True
AP_SRIKAKULAM_2009_10_Kharif,data\raw\weather\AP_SRIKAKULAM_2009_10_Kharif.csv,183,183,True
AP_SRIKAKULAM_2009_10_Rabi,data\raw\weather\AP_SRIKAKULAM_2009_10_Rabi.csv,181,181,True
AP_VISAKHAPATNAM_2009_10_Kharif,data\raw\weather\AP_VISAKHAPATNAM_2009_10_Kharif.csv,183,183,True
AP_VISAKHAPATNAM_2009_10_Rabi,data\raw\weather\AP_VISAKHAPATNAM_2009_10_Rabi.csv,181,181,True
AP_VIZIANAGARM_2009_10_Kharif,data\raw\weather\AP_VIZIANAGARM_2009_10_Kharif.csv,183,183,True
AP_VIZIANAGARM_2009_10_Rabi,data\raw\weather\AP_VIZIANAGARM_2009_10_Rabi.csv,181,181,True
AP_WEST_GODAVARI_2009_10_Kharif,data\raw\weather\AP_WEST_GODAVARI_2009_10_Kharif.csv,183,183,True
AP_WEST_GODAVARI_2009_10_Rabi,data\raw\weather\AP_WEST_GODAVARI_2009_10_Rabi.csv,181,181,True
AP_ANANTPUR_2010_11_Kharif,data\raw\weather\AP_ANANTPUR_2010_11_Kharif.csv,183,183,True
AP_ANANTPUR_2010_11_Rabi,data\raw\weather\AP_ANANTPUR_2010_11_Rabi.csv,181,181,True
AP_CHITTOOR_2010_11_Kharif,data\raw\weather\AP_CHITTOOR_2010_11_Kharif.csv,183,183,True
AP_CHITTOOR_2010_11_Rabi,data\raw\weather\AP_CHITTOOR_2010_11_Rabi.csv,181,181,True
AP_CUDDAPAH_2010_11_Kharif,data\raw\weather\AP_CUDDAPAH_2010_11_Kharif.csv,183,183,True
AP_CUDDAPAH_2010_11_Rabi,data\raw\weather\AP_CUDDAPAH_2010_11_Rabi.csv,181,181,True
AP_EAST_GODAVARI_2010_11_Kharif,data\raw\weather\AP_EAST_GODAVARI_2010_11_Kharif.csv,183,183,True
AP_EAST_GODAVARI_2010_11_Rabi,data\raw\weather\AP_EAST_GODAVARI_2010_11_Rabi.csv,181,181,True
AP_GUNTUR_2010_11_Kharif,data\raw\weather\AP_GUNTUR_2010_11_Kharif.csv,183,183,True
AP_GUNTUR_2010_11_Rabi,data\raw\weather\AP_GUNTUR_2010_11_Rabi.csv,181,181,True
AP_KRISHNA_2010_11_Kharif,data\raw\weather\AP_KRISHNA_2010_11_Kharif.csv,183,183,True
AP_KRISHNA_2010_11_Rabi,data\raw\weather\AP_KRISHNA_2010_11_Rabi.csv,181,181,True
AP_KURNOOL_2010_11_Kharif,data\raw\weather\AP_KURNOOL_2010_11_Kharif.csv,183,183,True
AP_KURNOOL_2010_11_Rabi,data\raw\weather\AP_KURNOOL_2010_11_Rabi.csv,181,181,True
AP_NELLORE_2010_11_Kharif,data\raw\weather\AP_NELLORE_2010_11_Kharif.csv,183,183,True
AP_NELLORE_2010_11_Rabi,data\raw\weather\AP_NELLORE_2010_11_Rabi.csv,181,181,True
AP_PRAKASAM_2010_11_Kharif,data\raw\weather\AP_PRAKASAM_2010_11_Kharif.csv,183,183,True
AP_PRAKASAM_2010_11_Rabi,data\raw\weather\AP_PRAKASAM_2010_11_Rabi.csv,181,181,True
AP_SRIKAKULAM_2010_11_Kharif,data\raw\weather\AP_SRIKAKULAM_2010_11_Kharif.csv,183,183,True
AP_SRIKAKULAM_2010_11_Rabi,data\raw\weather\AP_SRIKAKULAM_2010_11_Rabi.csv,181,181,True
AP_VISAKHAPATNAM_2010_11_Kharif,data\raw\weather\AP_VISAKHAPATNAM_2010_11_Kharif.csv,183,183,True
AP_VISAKHAPATNAM_2010_11_Rabi,data\raw\weather\AP_VISAKHAPATNAM_2010_11_Rabi.csv,181,181,True
AP_VIZIANAGARM_2010_11_Kharif,data\raw\weather\AP_VIZIANAGARM_2010_11_Kharif.csv,183,183,True
AP_VIZIANAGARM_2010_11_Rabi,data\raw\weather\AP_VIZIANAGARM_2010_11_Rabi.csv,181,181,True
AP_WEST_GODAVARI_2010_11_Kharif,data\raw\weather\AP_WEST_GODAVARI_2010_11_Kharif.csv,183,183,True
AP_WEST_GODAVARI_2010_11_Rabi,data\raw\weather\AP_WEST_GODAVARI_2010_11_Rabi.csv,181,181,True
AP_ANANTPUR_2011_12_Kharif,data\raw\weather\AP_ANANTPUR_2011_12_Kharif.csv,183,183,True
AP_EAST_GODAVARI_2011_12_Rabi,data\raw\weather\AP_EAST_GODAVARI_2011_12_Rabi.csv,182,182,True
AP_GUNTUR_2011_12_Kharif,data\raw\weather\AP_GUNTUR_2011_12_Kharif.csv,183,183,True
AP_KRISHNA_2011_12_Kharif,data\raw\weather\AP_KRISHNA_2011_12_Kharif.csv,183,183,True
AP_KRISHNA_2011_12_Rabi,data\raw\weather\AP_KRISHNA_2011_12_Rabi.csv,182,182,True
AP_KURNOOL_2011_12_Kharif,data\raw\weather\AP_KURNOOL_2011_12_Kharif.csv,183,183,True
AP_NELLORE_2011_12_Kharif,data\raw\weather\AP_NELLORE_2011_12_Kharif.csv,183,183,True
AP_PRAKASAM_2011_12_Kharif,data\raw\weather\AP_PRAKASAM_2011_12_Kharif.csv,183,183,True
AP_SRIKAKULAM_2011_12_Kharif,data\raw\weather\AP_SRIKAKULAM_2011_12_Kharif.csv,183,183,True
AP_SRIKAKULAM_2011_12_Rabi,data\raw\weather\AP_SRIKAKULAM_2011_12_Rabi.csv,182,182,True
AP_VISAKHAPATNAM_2011_12_Kharif,data\raw\weather\AP_VISAKHAPATNAM_2011_12_Kharif.csv,183,183,True
AP_VISAKHAPATNAM_2011_12_Rabi,data\raw\weather\AP_VISAKHAPATNAM_2011_12_Rabi.csv,182,182,True
AP_VIZIANAGARM_2011_12_Kharif,data\raw\weather\AP_VIZIANAGARM_2011_12_Kharif.csv,183,183,True
AP_VIZIANAGARM_2011_12_Rabi,data\raw\weather\AP_VIZIANAGARM_2011_12_Rabi.csv,182,182,True
AP_WEST_GODAVARI_2011_12_Kharif,data\raw\weather\AP_WEST_GODAVARI_2011_12_Kharif.csv,183,183,True
AP_WEST_GODAVARI_2011_12_Rabi,data\raw\weather\AP_WEST_GODAVARI_2011_12_Rabi.csv,182,182,True
