date,rainfall_mm,temperature_c,humidity_pct
2009-11-01,0.0930008688254477,24.746706416054906,65.90077836962354
2009-11-02,0.40995136999192433,24.784647983256093,64.6629224020633
2009-11-03,4.053877910839355,23.52568113336622,82.3060943418547
2009-11-04,4.649048621443304,23.36907913769619,83.28578114895845
2009-11-05,8.267334612884786,22.290183078145446,93.91239917360194
2009-11-06,27.86099697763098,22.274832224224497,96.280498650165
2009-11-07,28.024263657237555,22.120561707389186,97.58932101110118
2009-11-08,15.523872729387246,22.269906262773645,96.66807663979216
2009-11-09,5.475071992529286,22.630244316944527,92.89006133304044
2009-11-10,6.183522859933621,22.779608784624315,91.64963120885312
2009-11-11,2.8471053623909053,23.799814272586502,85.3514517108777
2009-11-12,4.898340376059833,24.74451526891511,84.32510426514006
2009-11-13,1.7741928362673909,24.441631664999477,85.97943505248715
2009-11-14,7.174197102944525,23.177511079831675,91.11932099538458
2009-11-15,8.669958416026672,22.721207657579214,92.40516589338128
2009-11-16,2.302875787123425,23.58675937673752,86.85355518587959
2009-11-17,4.498066649838539,23.878101917667948,85.46980349172344
2009-11-18,4.5430557270132095,23.674727149292607,87.2969414877039
2009-11-19,8.552274451442578,23.389481730302236,88.44307435275353
2009-11-20,2.6120578119088433,23.776673238847195,86.78707880405462
2009-11-21,3.1967108012375176,23.329668606147948,87.93769283469554
2009-11-22,2.4646360595077583,23.588387967864605,85.9109335995198
2009-11-23,3.945909088037651,23.37547546576809,86.50951734201928
2009-11-24,2.8159492462519125,23.31975594453695,86.83803238524148
2009-11-25,0.9578383112285555,23.64961171007343,81.90105211760577
2009-11-26,0.11484913567405476,23.146803725173015,77.48298981953226
2009-11-27,0.012326252373380175,21.998589946025618,75.74886775836922
2009-11-28,0.08506025938925782,21.58374720033612,74.30883955050757
2009-11-29,0.002381259759541205,21.740052744132413,72.63586811053617
2009-11-30,0.0015923725454636364,21.983806913979492,73.85732717562283
2009-12-01,2.2272183271869346,22.62537004076347,71.7292729422361
2009-12-02,4.978648060829272,22.513811290486046,88.53975311651118
2009-12-03,8.31464439009083,22.77363380262409,90.03175249356082
2009-12-04,3.354452918872385,22.324475799626043,88.22714231452417
2009-12-05,0.015031433825162852,21.362236213762117,76.07185307799683
2009-12-06,0.0035300496140840297,20.817421945185345,75.68625936157537
2009-12-07,0.0030724627307601466,20.789932621913863,73.8784588801429
2009-12-08,0.0862629775171877,21.474823611288002,75.07460386394553
2009-12-09,0.06537063472002225,21.579912689495416,75.22155327664704
2009-12-10,0.02462898554779819,21.188693840214,75.03779817176928
2009-12-11,0.19323237129327764,21.818423900359107,71.96879720157852
2009-12-12,0.853738869822293,22.084936465240162,80.53781425216006
2009-12-13,0.9573166720943624,21.97621331035299,81.70503733390862
2009-12-14,0.8910126606402502,22.29348860249712,76.13196411358031
2009-12-15,7.143723681655266,21.99590620139736,89.53537613082635
2009-12-16,21.075911369303007,21.795085066034687,92.05060783275007
2009-12-17,8.021111363462468,20.13780646565567,90.04092418717444
2009-12-18,0.39481435202103055,22.07596382184653,79.09890151804622
2009-12-19,0.7748626456681416,22.48726006477898,80.90800876901739
2009-12-20,2.227162946439983,22.406287698867516,82.00728412164104
2009-12-21,5.959151223610576,22.008483538065605,86.84566788576728
2009-12-22,0.9190903720168175,22.209247092338558,81.75818869236213
2009-12-23,0.5450326202396729,22.05332816677486,81.88390613093502
2009-12-24,0.1686311919368872,21.744683441021664,78.46027518143967
2009-12-25,0.00907271703891144,21.328285002348707,74.36046322581792
2009-12-26,0.012181343433893177,21.526322955345563,75.30222255759239
2009-12-27,0.0016983619825201837,21.911973502961644,72.96690329856371
2009-12-28,0.08917613457483822,21.880095418962753,73.95125309099633
2009-12-29,0.004223363823851749,22.035335429488498,73.57652481980487
2009-12-30,0.007587932814775333,22.273638338981073,74.03618367155167
2009-12-31,0.2153139740791647,22.73360228770059,75.77212936732481
2010-01-01,0.12293932222986388,21.733954302532027,75.78395899173648
2010-01-02,0.3701828310408177,21.571732407872105,75.3500617608341
2010-01-03,0.19011314125720247,21.207827880130594,74.43446505841075
2010-01-04,0.004386800920421089,20.81327638367094,69.54860494944398
2010-01-05,0.0008948091628548507,21.324252120597748,68.6830234192409
2010-01-06,0.006822943269673801,21.201750034750376,70.43154492374015
2010-01-07,0.29107211791113835,20.816622767349543,74.86020285570476
2010-01-08,3.7043971106323865,21.340952977728705,80.838059743017
2010-01-09,1.658003205542732,22.309028591392575,87.27337108347292
2010-01-10,2.9719584396932914,22.922153129371793,84.90064735037326
2010-01-11,2.287075851057712,23.36815138749847,84.06286830191993
2010-01-12,0.5362070094543069,23.894414861844666,78.6503686918855
2010-01-13,2.89863940748829,23.736250886517098,83.23618059767631
2010-01-14,0.32971982873971645,23.723363947205428,79.04111727838712
2010-01-15,0.04341391240263741,22.056362411235,74.12059851276051
2010-01-16,0.028769048145897317,21.940685260163093,73.46285095167487
2010-01-17,1.523008122504007,22.26435966912493,81.95485773725892
2010-01-18,0.5192244618212754,23.00541644220783,76.40838767803858
2010-01-19,0.7380550777373269,22.39888296095097,77.32553651596372
2010-01-20,0.03224796957413282,21.745275769781244,70.19730591760937
2010-01-21,0.0018571448232412085,20.937874461021238,66.85597840566764
2010-01-22,0.0008629859583296673,20.6010222833404,63.08599951027048
2010-01-23,0.0012799553359945542,20.339494476386108,62.625779527107774
2010-01-24,0.15183413578588953,21.250171719571313,64.20966241272353
2010-01-25,0.016599398276666667,22.17209710672904,67.10550055760632
2010-01-26,0.09905952342888504,22.28237790229292,69.15533733837592
2010-01-27,0.4598701084249777,22.48481431768647,72.06085704824193
2010-01-28,0.00904223659721491,22.33269682893325,67.83945368698116
2010-01-29,0.023675693233372933,21.9778782822209,68.28886188092395
2010-01-30,0.0025789652227103943,22.16341063735871,62.96729653081814
2010-01-31,0.0032384812861062278,22.024403274491988,62.04454793401399
2010-02-01,0.002200091212269182,21.61762831393827,64.85573034452521
2010-02-02,0.004528759361296796,21.17245217060986,60.171609264076
2010-02-03,0.004036973238859778,21.41704841123658,54.458421871366966
2010-02-04,0.0021697214905180067,21.175790650871534,58.01104754944898
2010-02-05,0.0017267963698941458,21.018984822580876,60.800855526662836
2010-02-06,0.002305107992816272,21.84395581608402,61.97797200387822
2010-02-07,0.03174504158785063,21.84436875415861,65.41038861790669
2010-02-08,0.0004757729128164885,22.25378809793648,51.99474927704738
2010-02-09,0.0008496238592670124,22.73068380774953,53.312056565546975
2010-02-10,0.001565569793302095,23.548492172142574,63.51553359102289
2010-02-11,0.04713275021673055,24.467741542595604,63.26107325966891
2010-02-12,0.05899618008121741,24.616686554889213,68.0576616988208
2010-02-13,0.04912291445222999,24.26329674890013,65.59229946276554
2010-02-14,0.0027115350997675516,24.532397786036938,61.830546364134754
2010-02-15,0.01737785973264331,24.279586046995234,63.6842959215892
2010-02-16,0.03829229763484411,23.997300040490984,61.3486170269663
2010-02-17,0.02432626286713503,24.75291330139106,64.20064554180837
2010-02-18,0.04449761876460752,25.73260880340348,55.23687789422351
2010-02-19,0.0008647574773016568,24.91374305004433,60.615178013828995
2010-02-20,0.001422082942349779,25.213711894824257,58.53902402837065
2010-02-21,0.0012020662927893751,25.513121319440245,61.77431606556959
2010-02-22,0.0055409208275432765,26.122276904911246,58.766537336801896
2010-02-23,0.006607182109641498,26.787879204882472,52.8597045993013
2010-02-24,0.18762585257257053,27.192347236153353,57.460899046715056
2010-02-25,0.07981161568234411,27.441635303439682,56.051422853419396
2010-02-26,0.096410704549078,26.45630797367454,60.917667209553215
2010-02-27,0.0001267260784661088,26.498277560667987,52.49468308984822
2010-02-28,0.0031405080400282127,26.3474336173677,44.30349762204043
2010-03-01,0.008919183932666637,25.801746301050173,43.14961360515479
2010-03-02,0.0020292666818463654,25.52706773468242,39.09107880205936
2010-03-03,0.0017514778454762246,26.19000356651719,39.309984978302126
2010-03-04,0.0,26.837381585143817,41.315663734081035
2010-03-05,0.0004351138045421976,27.604971089016942,44.10606103916653
2010-03-06,0.001732286136757466,28.929485493921618,50.0337895744927
2010-03-07,4.611859984239475e-05,29.01095507145436,55.50392795150492
2010-03-08,0.003851401116275253,27.71405419106975,55.70997362847206
2010-03-09,0.0017814148161395711,26.70685909629043,49.71403389861525
2010-03-10,0.0004415098915213731,26.64681235647174,55.13250757517795
2010-03-11,0.00504810666056668,26.57467559752638,59.16492978050503
2010-03-12,0.020500194356218235,26.20618318992581,56.88479536784264
2010-03-13,0.006829844051057748,26.584596666355083,52.545882401765695
2010-03-14,0.024091686150376213,28.082269222988373,47.342233262790714
2010-03-15,0.03861796811952248,28.783053346776796,45.5511717571896
2010-03-16,0.046137428707822135,28.05830577208434,49.06132224599386
2010-03-17,0.00020215432483766966,27.2128647044878,47.76689087911849
2010-03-18,0.0019719634755191472,25.830329095132186,51.46817704510812
2010-03-19,1.246954413653226e-05,26.702161347646722,44.53052762887142
2010-03-20,0.0008682818209493197,27.76892712028331,35.710767837721285
2010-03-21,0.0005807502746773011,28.19011487690193,34.44295315564895
2010-03-22,0.0004686603472123494,28.372680458229297,31.619976614709426
2010-03-23,0.0008523463748133508,28.380457950590824,39.335669760164734
2010-03-24,8.772322435027393e-06,27.901797117565593,45.64973910091545
2010-03-25,0.0037016395681142957,27.82776247871027,51.01783267192115
2010-03-26,0.02028895802072775,27.88809504269568,51.970127783268936
2010-03-27,0.02503496401265127,29.061734539498673,54.18821790738567
2010-03-28,0.009495738021196293,29.197505929038755,55.74475177920155
2010-03-29,0.0005804915537055036,29.446096020182267,50.69498649762647
2010-03-30,0.013012437250338797,30.41313509968427,49.85911010299978
2010-03-31,2.8520312241125296,29.506885668879477,55.618355271197174
2010-04-01,0.0025986650482605045,30.66944698003772,41.53407892550814
2010-04-02,0.00561509098620628,30.6063939724815,47.637544876274696
2010-04-03,0.004250808188039401,29.93486918565452,51.80236098925049
2010-04-04,0.00510227971448299,29.16999551970315,49.48574011672249
2010-04-05,0.0008088577104055202,29.393770904345104,46.95753385941426
2010-04-06,0.0008598660909221455,29.82955842384081,47.78313432783561
2010-04-07,0.005139252197204633,29.48814793151729,51.53778852925811
2010-04-08,0.07018325300032754,28.979432030869702,60.157747955999795
2010-04-09,0.0009586141639240181,30.15625769744031,49.33112313275028
2010-04-10,0.0017225742112714215,30.772276793198102,42.991639911284615
2010-04-11,0.0004613681856124713,31.080835972804437,46.52525466269374
2010-04-12,0.03366809886998711,31.38918888866732,46.00467425789337
2010-04-13,0.27069995279691,31.315972607589174,49.1333454409203
2010-04-14,0.480605058686463,30.96478839630049,52.79183121719584
2010-04-15,0.4165172547824028,30.419370431040534,58.810866493456594
2010-04-16,0.010382411953491242,29.652501033421572,54.593049921629444
2010-04-17,0.017943914796529382,30.240203789777524,54.38326355706368
2010-04-18,0.012971339975333741,30.977734716625378,51.414253532845635
2010-04-19,0.07353070609107294,31.068017339609014,51.614520684994616
2010-04-20,0.31393018846966,31.47786295676434,49.198724504631215
2010-04-21,0.8543714635971335,31.332139070185008,50.026688534083476
2010-04-22,0.7570729838050987,30.832052184038844,55.411482729869
2010-04-23,0.014000764914877773,30.931679939798983,50.951428518578865
2010-04-24,0.1409456554005343,30.710198465922872,51.86286585984619
2010-04-25,0.14900716739060588,30.618521644105613,54.0618842830344
2010-04-26,0.11604927457198662,30.269458693590536,55.47101320797299
2010-04-27,0.01962207335731426,30.53795953873629,53.08529982247055
2010-04-28,0.012823195030025056,30.565220757803615,51.19682301496673
2010-04-29,0.08623271060797415,29.899327366339207,55.65753585290317
2010-04-30,3.5914455573748176,28.68483045705767,62.65924849442545
