sample_id,status,source_path,output_path,shape,dtype,finite,message
AP_ANANTPUR_1998_99_Kharif,skipped,data\raw\satellite\AP_ANANTPUR_1998_99_Kharif.tif,data\processed\streamlit_satellite_samples\AP_ANANTPUR_1998_99_Kharif_satellite.npy,"[7, 128, 128]",float32,True,valid existing tensor
AP_ANANTPUR_1998_99_Rabi,skipped,data\raw\satellite\AP_ANANTPUR_1998_99_Rabi.tif,data\processed\streamlit_satellite_samples\AP_ANANTPUR_1998_99_Rabi_satellite.npy,"[7, 128, 128]",float32,True,valid existing tensor
AP_KURNOOL_1998_99_Kharif,skipped,data\raw\satellite\AP_KURNOOL_1998_99_Kharif.tif,data\processed\streamlit_satellite_samples\AP_KURNOOL_1998_99_Kharif_satellite.npy,"[7, 128, 128]",float32,True,valid existing tensor
AP_KURNOOL_1998_99_Rabi,skipped,data\raw\satellite\AP_KURNOOL_1998_99_Rabi.tif,data\processed\streamlit_satellite_samples\AP_KURNOOL_1998_99_Rabi_satellite.npy,"[7, 128, 128]",float32,True,valid existing tensor
AP_EAST_GODAVARI_1999_00_Rabi,skipped,data\raw\satellite\AP_EAST_GODAVARI_1999_00_Rabi.tif,data\processed\streamlit_satellite_samples\AP_EAST_GODAVARI_1999_00_Rabi_satellite.npy,"[7, 128, 128]",float32,True,valid existing tensor
AP_KRISHNA_1999_00_Rabi,skipped,data\raw\satellite\AP_KRISHNA_1999_00_Rabi.tif,data\processed\streamlit_satellite_samples\AP_KRISHNA_1999_00_Rabi_satellite.npy,"[7, 128, 128]",float32,True,valid existing tensor
AP_SRIKAKULAM_1999_00_Rabi,skipped,data\raw\satellite\AP_SRIKAKULAM_1999_00_Rabi.tif,data\processed\streamlit_satellite_samples\AP_SRIKAKULAM_1999_00_Rabi_satellite.npy,"[7, 128, 128]",float32,True,valid existing tensor
AP_WEST_GODAVARI_1999_00_Rabi,skipped,data\raw\satellite\AP_WEST_GODAVARI_1999_00_Rabi.tif,data\processed\streamlit_satellite_samples\AP_WEST_GODAVARI_1999_00_Rabi_satellite.npy,"[7, 128, 128]",float32,True,valid existing tensor
AP_ANANTPUR_2000_01_Rabi,skipped,data\raw\satellite\AP_ANANTPUR_2000_01_Rabi.tif,data\processed\streamlit_satellite_samples\AP_ANANTPUR_2000_01_Rabi_satellite.npy,"[7, 128, 128]",float32,True,valid existing tensor
AP_CHITTOOR_2000_01_Rabi,skipped,data\raw\satellite\AP_CHITTOOR_2000_01_Rabi.tif,data\processed\streamlit_satellite_samples\AP_CHITTOOR_2000_01_Rabi_satellite.npy,"[7, 128, 128]",float32,True,valid existing tensor
AP_CUDDAPAH_2000_01_Rabi,skipped,data\raw\satellite\AP_CUDDAPAH_2000_01_Rabi.tif,data\processed\streamlit_satellite_samples\AP_CUDDAPAH_2000_01_Rabi_satellite.npy,"[7, 128, 128]",float32,True,valid existing tensor
AP_EAST_GODAVARI_2000_01_Rabi,skipped,data\raw\satellite\AP_EAST_GODAVARI_2000_01_Rabi.tif,data\processed\streamlit_satellite_samples\AP_EAST_GODAVARI_2000_01_Rabi_satellite.npy,"[7, 128, 128]",float32,True,valid existing tensor
AP_GUNTUR_2000_01_Rabi,skipped,data\raw\satellite\AP_GUNTUR_2000_01_Rabi.tif,data\processed\streamlit_satellite_samples\AP_GUNTUR_2000_01_Rabi_satellite.npy,"[7, 128, 128]",float32,True,valid existing tensor
AP_NELLORE_2000_01_Rabi,skipped,data\raw\satellite\AP_NELLORE_2000_01_Rabi.tif,data\processed\streamlit_satellite_samples\AP_NELLORE_2000_01_Rabi_satellite.npy,"[7, 128, 128]",float32,True,valid existing tensor
AP_PRAKASAM_2000_01_Rabi,skipped,data\raw\satellite\AP_PRAKASAM_2000_01_Rabi.tif,data\processed\streamlit_satellite_samples\AP_PRAKASAM_2000_01_Rabi_satellite.npy,"[7, 128, 128]",float32,True,valid existing tensor
AP_VISAKHAPATNAM_2000_01_Rabi,skipped,data\raw\satellite\AP_VISAKHAPATNAM_2000_01_Rabi.tif,data\processed\streamlit_satellite_samples\AP_VISAKHAPATNAM_2000_01_Rabi_satellite.npy,"[7, 128, 128]",float32,True,valid existing tensor
AP_VIZIANAGARM_2000_01_Rabi,skipped,data\raw\satellite\AP_VIZIANAGARM_2000_01_Rabi.tif,data\processed\streamlit_satellite_samples\AP_VIZIANAGARM_2000_01_Rabi_satellite.npy,"[7, 128, 128]",float32,True,valid existing tensor
AP_WEST_GODAVARI_2000_01_Rabi,skipped,data\raw\satellite\AP_WEST_GODAVARI_2000_01_Rabi.tif,data\processed\streamlit_satellite_samples\AP_WEST_GODAVARI_2000_01_Rabi_satellite.npy,"[7, 128, 128]",float32,True,valid existing tensor
AP_EAST_GODAVARI_2001_02_Kharif,skipped,data\raw\satellite\AP_EAST_GODAVARI_2001_02_Kharif.tif,data\processed\streamlit_satellite_samples\AP_EAST_GODAVARI_2001_02_Kharif_satellite.npy,"[7, 128, 128]",float32,True,valid existing tensor
AP_KRISHNA_2001_02_Kharif,skipped,data\raw\satellite\AP_KRISHNA_2001_02_Kharif.tif,data\processed\streamlit_satellite_samples\AP_KRISHNA_2001_02_Kharif_satellite.npy,"[7, 128, 128]",float32,True,valid existing tensor
AP_WEST_GODAVARI_2001_02_Kharif,skipped,data\raw\satellite\AP_WEST_GODAVARI_2001_02_Kharif.tif,data\processed\streamlit_satellite_samples\AP_WEST_GODAVARI_2001_02_Kharif_satellite.npy,"[7, 128, 128]",float32,True,valid existing tensor
AP_ANANTPUR_2003_04_Rabi,skipped,data\raw\satellite\AP_ANANTPUR_2003_04_Rabi.tif,data\processed\streamlit_satellite_samples\AP_ANANTPUR_2003_04_Rabi_satellite.npy,"[7, 128, 128]",float32,True,valid existing tensor
AP_CHITTOOR_2003_04_Rabi,skipped,data\raw\satellite\AP_CHITTOOR_2003_04_Rabi.tif,data\processed\streamlit_satellite_samples\AP_CHITTOOR_2003_04_Rabi_satellite.npy,"[7, 128, 128]",float32,True,valid existing tensor
AP_CUDDAPAH_2003_04_Rabi,skipped,data\raw\satellite\AP_CUDDAPAH_2003_04_Rabi.tif,data\processed\streamlit_satellite_samples\AP_CUDDAPAH_2003_04_Rabi_satellite.npy,"[7, 128, 128]",float32,True,valid existing tensor
AP_EAST_GODAVARI_2003_04_Kharif,skipped,data\raw\satellite\AP_EAST_GODAVARI_2003_04_Kharif.tif,data\processed\streamlit_satellite_samples\AP_EAST_GODAVARI_2003_04_Kharif_satellite.npy,"[7, 128, 128]",float32,True,valid existing tensor
AP_EAST_GODAVARI_2003_04_Rabi,skipped,data\raw\satellite\AP_EAST_GODAVARI_2003_04_Rabi.tif,data\processed\streamlit_satellite_samples\AP_EAST_GODAVARI_2003_04_Rabi_satellite.npy,"[7, 128, 128]",float32,True,valid existing tensor
AP_GUNTUR_2003_04_Kharif,skipped,data\raw\satellite\AP_GUNTUR_2003_04_Kharif.tif,data\processed\streamlit_satellite_samples\AP_GUNTUR_2003_04_Kharif_satellite.npy,"[7, 128, 128]",float32,True,valid existing tensor
AP_GUNTUR_2003_04_Rabi,skipped,data\raw\satellite\AP_GUNTUR_2003_04_Rabi.tif,data\processed\streamlit_satellite_samples\AP_GUNTUR_2003_04_Rabi_satellite.npy,"[7, 128, 128]",float32,True,valid existing tensor
AP_KRISHNA_2003_04_Kharif,skipped,data\raw\satellite\AP_KRISHNA_2003_04_Kharif.tif,data\processed\streamlit_satellite_samples\AP_KRISHNA_2003_04_Kharif_satellite.npy,"[7, 128, 128]",float32,True,valid existing tensor
AP_KRISHNA_2003_04_Rabi,skipped,data\raw\satellite\AP_KRISHNA_2003_04_Rabi.tif,data\processed\streamlit_satellite_samples\AP_KRISHNA_2003_04_Rabi_satellite.npy,"[7, 128, 128]",float32,True,valid existing tensor
AP_KURNOOL_2003_04_Rabi,skipped,data\raw\satellite\AP_KURNOOL_2003_04_Rabi.tif,data\processed\streamlit_satellite_samples\AP_KURNOOL_2003_04_Rabi_satellite.npy,"[7, 128, 128]",float32,True,valid existing tensor
AP_NELLORE_2003_04_Rabi,skipped,data\raw\satellite\AP_NELLORE_2003_04_Rabi.tif,data\processed\streamlit_satellite_samples\AP_NELLORE_2003_04_Rabi_satellite.npy,"[7, 128, 128]",float32,True,valid existing tensor
AP_PRAKASAM_2003_04_Rabi,skipped,data\raw\satellite\AP_PRAKASAM_2003_04_Rabi.tif,data\processed\streamlit_satellite_samples\AP_PRAKASAM_2003_04_Rabi_satellite.npy,"[7, 128, 128]",float32,True,valid existing tensor
AP_SRIKAKULAM_2003_04_Kharif,skipped,data\raw\satellite\AP_SRIKAKULAM_2003_04_Kharif.tif,data\processed\streamlit_satellite_samples\AP_SRIKAKULAM_2003_04_Kharif_satellite.npy,"[7, 128, 128]",float32,True,valid existing tensor
AP_SRIKAKULAM_2003_04_Rabi,skipped,data\raw\satellite\AP_SRIKAKULAM_2003_04_Rabi.tif,data\processed\streamlit_satellite_samples\AP_SRIKAKULAM_2003_04_Rabi_satellite.npy,"[7, 128, 128]",float32,True,valid existing tensor
AP_VISAKHAPATNAM_2003_04_Rabi,skipped,data\raw\satellite\AP_VISAKHAPATNAM_2003_04_Rabi.tif,data\processed\streamlit_satellite_samples\AP_VISAKHAPATNAM_2003_04_Rabi_satellite.npy,"[7, 128, 128]",float32,True,valid existing tensor
AP_VIZIANAGARM_2003_04_Rabi,skipped,data\raw\satellite\AP_VIZIANAGARM_2003_04_Rabi.tif,data\processed\streamlit_satellite_samples\AP_VIZIANAGARM_2003_04_Rabi_satellite.npy,"[7, 128, 128]",float32,True,valid existing tensor
AP_WEST_GODAVARI_2003_04_Kharif,skipped,data\raw\satellite\AP_WEST_GODAVARI_2003_04_Kharif.tif,data\processed\streamlit_satellite_samples\AP_WEST_GODAVARI_2003_04_Kharif_satellite.npy,"[7, 128, 128]",float32,True,valid existing tensor
AP_WEST_GODAVARI_2003_04_Rabi,skipped,data\raw\satellite\AP_WEST_GODAVARI_2003_04_Rabi.tif,data\processed\streamlit_satellite_samples\AP_WEST_GODAVARI_2003_04_Rabi_satellite.npy,"[7, 128, 128]",float32,True,valid existing tensor
AP_ANANTPUR_2004_05_Kharif,skipped,data\raw\satellite\AP_ANANTPUR_2004_05_Kharif.tif,data\processed\streamlit_satellite_samples\AP_ANANTPUR_2004_05_Kharif_satellite.npy,"[7, 128, 128]",float32,True,valid existing tensor
AP_ANANTPUR_2004_05_Rabi,skipped,data\raw\satellite\AP_ANANTPUR_2004_05_Rabi.tif,data\processed\streamlit_satellite_samples\AP_ANANTPUR_2004_05_Rabi_satellite.npy,"[7, 128, 128]",float32,True,valid existing tensor
AP_CHITTOOR_2004_05_Kharif,skipped,data\raw\satellite\AP_CHITTOOR_2004_05_Kharif.tif,data\processed\streamlit_satellite_samples\AP_CHITTOOR_2004_05_Kharif_satellite.npy,"[7, 128, 128]",float32,True,valid existing tensor
AP_CHITTOOR_2004_05_Rabi,skipped,data\raw\satellite\AP_CHITTOOR_2004_05_Rabi.tif,data\processed\streamlit_satellite_samples\AP_CHITTOOR_2004_05_Rabi_satellite.npy,"[7, 128, 128]",float32,True,valid existing tensor
AP_CUDDAPAH_2004_05_Kharif,skipped,data\raw\satellite\AP_CUDDAPAH_2004_05_Kharif.tif,data\processed\streamlit_satellite_samples\AP_CUDDAPAH_2004_05_Kharif_satellite.npy,"[7, 128, 128]",float32,True,valid existing tensor
AP_CUDDAPAH_2004_05_Rabi,skipped,data\raw\satellite\AP_CUDDAPAH_2004_05_Rabi.tif,data\processed\streamlit_satellite_samples\AP_CUDDAPAH_2004_05_Rabi_satellite.npy,"[7, 128, 128]",float32,True,valid existing tensor
AP_EAST_GODAVARI_2004_05_Kharif,skipped,data\raw\satellite\AP_EAST_GODAVARI_2004_05_Kharif.tif,data\processed\streamlit_satellite_samples\AP_EAST_GODAVARI_2004_05_Kharif_satellite.npy,"[7, 128, 128]",float32,True,valid existing tensor
AP_EAST_GODAVARI_2004_05_Rabi,skipped,data\raw\satellite\AP_EAST_GODAVARI_2004_05_Rabi.tif,data\processed\streamlit_satellite_samples\AP_EAST_GODAVARI_2004_05_Rabi_satellite.npy,"[7, 128, 128]",float32,True,valid existing tensor
AP_GUNTUR_2004_05_Kharif,skipped,data\raw\satellite\AP_GUNTUR_2004_05_Kharif.tif,data\processed\streamlit_satellite_samples\AP_GUNTUR_2004_05_Kharif_satellite.npy,"[7, 128, 128]",float32,True,valid existing tensor
AP_GUNTUR_2004_05_Rabi,skipped,data\raw\satellite\AP_GUNTUR_2004_05_Rabi.tif,data\processed\streamlit_satellite_samples\AP_GUNTUR_2004_05_Rabi_satellite.npy,"[7, 128, 128]",float32,True,valid existing tensor
AP_KRISHNA_2004_05_Kharif,skipped,data\raw\satellite\AP_KRISHNA_2004_05_Kharif.tif,data\processed\streamlit_satellite_samples\AP_KRISHNA_2004_05_Kharif_satellite.npy,"[7, 128, 128]",float32,True,valid existing tensor
AP_KRISHNA_2004_05_Rabi,skipped,data\raw\satellite\AP_KRISHNA_2004_05_Rabi.tif,data\processed\streamlit_satellite_samples\AP_KRISHNA_2004_05_Rabi_satellite.npy,"[7, 128, 128]",float32,True,valid existing tensor
AP_KURNOOL_2004_05_Kharif,skipped,data\raw\satellite\AP_KURNOOL_2004_05_Kharif.tif,data\processed\streamlit_satellite_samples\AP_KURNOOL_2004_05_Kharif_satellite.npy,"[7, 128, 128]",float32,True,valid existing tensor
AP_KURNOOL_2004_05_Rabi,skipped,data\raw\satellite\AP_KURNOOL_2004_05_Rabi.tif,data\processed\streamlit_satellite_samples\AP_KURNOOL_2004_05_Rabi_satellite.npy,"[7, 128, 128]",float32,True,valid existing tensor
AP_NELLORE_2004_05_Kharif,skipped,data\raw\satellite\AP_NELLORE_2004_05_Kharif.tif,data\processed\streamlit_satellite_samples\AP_NELLORE_2004_05_Kharif_satellite.npy,"[7, 128, 128]",float32,True,valid existing tensor
AP_NELLORE_2004_05_Rabi,skipped,data\raw\satellite\AP_NELLORE_2004_05_Rabi.tif,data\processed\streamlit_satellite_samples\AP_NELLORE_2004_05_Rabi_satellite.npy,"[7, 128, 128]",float32,True,valid existing tensor
AP_PRAKASAM_2004_05_Kharif,skipped,data\raw\satellite\AP_PRAKASAM_2004_05_Kharif.tif,data\processed\streamlit_satellite_samples\AP_PRAKASAM_2004_05_Kharif_satellite.npy,"[7, 128, 128]",float32,True,valid existing tensor
AP_PRAKASAM_2004_05_Rabi,skipped,data\raw\satellite\AP_PRAKASAM_2004_05_Rabi.tif,data\processed\streamlit_satellite_samples\AP_PRAKASAM_2004_05_Rabi_satellite.npy,"[7, 128, 128]",float32,True,valid existing tensor
AP_SRIKAKULAM_2004_05_Kharif,skipped,data\raw\satellite\AP_SRIKAKULAM_2004_05_Kharif.tif,data\processed\streamlit_satellite_samples\AP_SRIKAKULAM_2004_05_Kharif_satellite.npy,"[7, 128, 128]",float32,True,valid existing tensor
AP_SRIKAKULAM_2004_05_Rabi,skipped,data\raw\satellite\AP_SRIKAKULAM_2004_05_Rabi.tif,data\processed\streamlit_satellite_samples\AP_SRIKAKULAM_2004_05_Rabi_satellite.npy,"[7, 128, 128]",float32,True,valid existing tensor
AP_VISAKHAPATNAM_2004_05_Kharif,skipped,data\raw\satellite\AP_VISAKHAPATNAM_2004_05_Kharif.tif,data\processed\streamlit_satellite_samples\AP_VISAKHAPATNAM_2004_05_Kharif_satellite.npy,"[7, 128, 128]",float32,True,valid existing tensor
AP_VISAKHAPATNAM_2004_05_Rabi,skipped,data\raw\satellite\AP_VISAKHAPATNAM_2004_05_Rabi.tif,data\processed\streamlit_satellite_samples\AP_VISAKHAPATNAM_2004_05_Rabi_satellite.npy,"[7, 128, 128]",float32,True,valid existing tensor
AP_VIZIANAGARM_2004_05_Kharif,skipped,data\raw\satellite\AP_VIZIANAGARM_2004_05_Kharif.tif,data\processed\streamlit_satellite_samples\AP_VIZIANAGARM_2004_05_Kharif_satellite.npy,"[7, 128, 128]",float32,True,valid existing tensor
AP_VIZIANAGARM_2004_05_Rabi,skipped,data\raw\satellite\AP_VIZIANAGARM_2004_05_Rabi.tif,data\processed\streamlit_satellite_samples\AP_VIZIANAGARM_2004_05_Rabi_satellite.npy,"[7, 128, 128]",float32,True,valid existing tensor
AP_WEST_GODAVARI_2004_05_Kharif,skipped,data\raw\satellite\AP_WEST_GODAVARI_2004_05_Kharif.tif,data\processed\streamlit_satellite_samples\AP_WEST_GODAVARI_2004_05_Kharif_satellite.npy,"[7, 128, 128]",float32,True,valid existing tensor
AP_WEST_GODAVARI_2004_05_Rabi,skipped,data\raw\satellite\AP_WEST_GODAVARI_2004_05_Rabi.tif,data\processed\streamlit_satellite_samples\AP_WEST_GODAVARI_2004_05_Rabi_satellite.npy,"[7, 128, 128]",float32,True,valid existing tensor
AP_ANANTPUR_2005_06_Kharif,skipped,data\raw\satellite\AP_ANANTPUR_2005_06_Kharif.tif,data\processed\streamlit_satellite_samples\AP_ANANTPUR_2005_06_Kharif_satellite.npy,"[7, 128, 128]",float32,True,valid existing tensor
AP_ANANTPUR_2005_06_Rabi,skipped,data\raw\satellite\AP_ANANTPUR_2005_06_Rabi.tif,data\processed\streamlit_satellite_samples\AP_ANANTPUR_2005_06_Rabi_satellite.npy,"[7, 128, 128]",float32,True,valid existing tensor
AP_CHITTOOR_2005_06_Kharif,skipped,data\raw\satellite\AP_CHITTOOR_2005_06_Kharif.tif,data\processed\streamlit_satellite_samples\AP_CHITTOOR_2005_06_Kharif_satellite.npy,"[7, 128, 128]",float32,True,valid existing tensor
AP_CHITTOOR_2005_06_Rabi,skipped,data\raw\satellite\AP_CHITTOOR_2005_06_Rabi.tif,data\processed\streamlit_satellite_samples\AP_CHITTOOR_2005_06_Rabi_satellite.npy,"[7, 128, 128]",float32,True,valid existing tensor
AP_CUDDAPAH_2005_06_Kharif,skipped,data\raw\satellite\AP_CUDDAPAH_2005_06_Kharif.tif,data\processed\streamlit_satellite_samples\AP_CUDDAPAH_2005_06_Kharif_satellite.npy,"[7, 128, 128]",float32,True,valid existing tensor
AP_CUDDAPAH_2005_06_Rabi,skipped,data\raw\satellite\AP_CUDDAPAH_2005_06_Rabi.tif,data\processed\streamlit_satellite_samples\AP_CUDDAPAH_2005_06_Rabi_satellite.npy,"[7, 128, 128]",float32,True,valid existing tensor
AP_EAST_GODAVARI_2005_06_Kharif,skipped,data\raw\satellite\AP_EAST_GODAVARI_2005_06_Kharif.tif,data\processed\streamlit_satellite_samples\AP_EAST_GODAVARI_2005_06_Kharif_satellite.npy,"[7, 128, 128]",float32,True,valid existing tensor
AP_EAST_GODAVARI_2005_06_Rabi,skipped,data\raw\satellite\AP_EAST_GODAVARI_2005_06_Rabi.tif,data\processed\streamlit_satellite_samples\AP_EAST_GODAVARI_2005_06_Rabi_satellite.npy,"[7, 128, 128]",float32,True,valid existing tensor
AP_GUNTUR_2005_06_Kharif,skipped,data\raw\satellite\AP_GUNTUR_2005_06_Kharif.tif,data\processed\streamlit_satellite_samples\AP_GUNTUR_2005_06_Kharif_satellite.npy,"[7, 128, 128]",float32,True,valid existing tensor
AP_GUNTUR_2005_06_Rabi,skipped,data\raw\satellite\AP_GUNTUR_2005_06_Rabi.tif,data\processed\streamlit_satellite_samples\AP_GUNTUR_2005_06_Rabi_satellite.npy,"[7, 128, 128]",float32,True,valid existing tensor
AP_KRISHNA_2005_06_Kharif,skipped,data\raw\satellite\AP_KRISHNA_2005_06_Kharif.tif,data\processed\streamlit_satellite_samples\AP_KRISHNA_2005_06_Kharif_satellite.npy,"[7, 128, 128]",float32,True,valid existing tensor
AP_KRISHNA_2005_06_Rabi,skipped,data\raw\satellite\AP_KRISHNA_2005_06_Rabi.tif,data\processed\streamlit_satellite_samples\AP_KRISHNA_2005_06_Rabi_satellite.npy,"[7, 128, 128]",float32,True,valid existing tensor
AP_KURNOOL_2005_06_Kharif,skipped,data\raw\satellite\AP_KURNOOL_2005_06_Kharif.tif,data\processed\streamlit_satellite_samples\AP_KURNOOL_2005_06_Kharif_satellite.npy,"[7, 128, 128]",float32,True,valid existing tensor
AP_KURNOOL_2005_06_Rabi,skipped,data\raw\satellite\AP_KURNOOL_2005_06_Rabi.tif,data\processed\streamlit_satellite_samples\AP_KURNOOL_2005_06_Rabi_satellite.npy,"[7, 128, 128]",float32,True,valid existing tensor
AP_NELLORE_2005_06_Kharif,skipped,data\raw\satellite\AP_NELLORE_2005_06_Kharif.tif,data\processed\streamlit_satellite_samples\AP_NELLORE_2005_06_Kharif_satellite.npy,"[7, 128, 128]",float32,True,valid existing tensor
AP_NELLORE_2005_06_Rabi,skipped,data\raw\satellite\AP_NELLORE_2005_06_Rabi.tif,data\processed\streamlit_satellite_samples\AP_NELLORE_2005_06_Rabi_satellite.npy,"[7, 128, 128]",float32,True,valid existing tensor
AP_PRAKASAM_2005_06_Kharif,skipped,data\raw\satellite\AP_PRAKASAM_2005_06_Kharif.tif,data\processed\streamlit_satellite_samples\AP_PRAKASAM_2005_06_Kharif_satellite.npy,"[7, 128, 128]",float32,True,valid existing tensor
AP_PRAKASAM_2005_06_Rabi,skipped,data\raw\satellite\AP_PRAKASAM_2005_06_Rabi.tif,data\processed\streamlit_satellite_samples\AP_PRAKASAM_2005_06_Rabi_satellite.npy,"[7, 128, 128]",float32,True,valid existing tensor
AP_SRIKAKULAM_2005_06_Kharif,skipped,data\raw\satellite\AP_SRIKAKULAM_2005_06_Kharif.tif,data\processed\streamlit_satellite_samples\AP_SRIKAKULAM_2005_06_Kharif_satellite.npy,"[7, 128, 128]",float32,True,valid existing tensor
AP_SRIKAKULAM_2005_06_Rabi,skipped,data\raw\satellite\AP_SRIKAKULAM_2005_06_Rabi.tif,data\processed\streamlit_satellite_samples\AP_SRIKAKULAM_2005_06_Rabi_satellite.npy,"[7, 128, 128]",float32,True,valid existing tensor
AP_VISAKHAPATNAM_2005_06_Kharif,skipped,data\raw\satellite\AP_VISAKHAPATNAM_2005_06_Kharif.tif,data\processed\streamlit_satellite_samples\AP_VISAKHAPATNAM_2005_06_Kharif_satellite.npy,"[7, 128, 128]",float32,True,valid existing tensor
AP_VISAKHAPATNAM_2005_06_Rabi,skipped,data\raw\satellite\AP_VISAKHAPATNAM_2005_06_Rabi.tif,data\processed\streamlit_satellite_samples\AP_VISAKHAPATNAM_2005_06_Rabi_satellite.npy,"[7, 128, 128]",float32,True,valid existing tensor
AP_VIZIANAGARM_2005_06_Kharif,skipped,data\raw\satellite\AP_VIZIANAGARM_2005_06_Kharif.tif,data\processed\streamlit_satellite_samples\AP_VIZIANAGARM_2005_06_Kharif_satellite.npy,"[7, 128, 128]",float32,True,valid existing tensor
AP_VIZIANAGARM_2005_06_Rabi,skipped,data\raw\satellite\AP_VIZIANAGARM_2005_06_Rabi.tif,data\processed\streamlit_satellite_samples\AP_VIZIANAGARM_2005_06_Rabi_satellite.npy,"[7, 128, 128]",float32,True,valid existing tensor
AP_WEST_GODAVARI_2005_06_Kharif,skipped,data\raw\satellite\AP_WEST_GODAVARI_2005_06_Kharif.tif,data\processed\streamlit_satellite_samples\AP_WEST_GODAVARI_2005_06_Kharif_satellite.npy,"[7, 128, 128]",float32,True,valid existing tensor
AP_WEST_GODAVARI_2005_06_Rabi,skipped,data\raw\satellite\AP_WEST_GODAVARI_2005_06_Rabi.tif,data\processed\streamlit_satellite_samples\AP_WEST_GODAVARI_2005_06_Rabi_satellite.npy,"[7, 128, 128]",float32,True,valid existing tensor
AP_ANANTPUR_2006_07_Kharif,skipped,data\raw\satellite\AP_ANANTPUR_2006_07_Kharif.tif,data\processed\streamlit_satellite_samples\AP_ANANTPUR_2006_07_Kharif_satellite.npy,"[7, 128, 128]",float32,True,valid existing tensor
AP_ANANTPUR_2006_07_Rabi,skipped,data\raw\satellite\AP_ANANTPUR_2006_07_Rabi.tif,data\processed\streamlit_satellite_samples\AP_ANANTPUR_2006_07_Rabi_satellite.npy,"[7, 128, 128]",float32,True,valid existing tensor
AP_CHITTOOR_2006_07_Kharif,skipped,data\raw\satellite\AP_CHITTOOR_2006_07_Kharif.tif,data\processed\streamlit_satellite_samples\AP_CHITTOOR_2006_07_Kharif_satellite.npy,"[7, 128, 128]",float32,True,valid existing tensor
AP_CHITTOOR_2006_07_Rabi,skipped,data\raw\satellite\AP_CHITTOOR_2006_07_Rabi.tif,data\processed\streamlit_satellite_samples\AP_CHITTOOR_2006_07_Rabi_satellite.npy,"[7, 128, 128]",float32,True,valid existing tensor
AP_CUDDAPAH_2006_07_Kharif,skipped,data\raw\satellite\AP_CUDDAPAH_2006_07_Kharif.tif,data\processed\streamlit_satellite_samples\AP_CUDDAPAH_2006_07_Kharif_satellite.npy,"[7, 128, 128]",float32,True,valid existing tensor
AP_CUDDAPAH_2006_07_Rabi,skipped,data\raw\satellite\AP_CUDDAPAH_2006_07_Rabi.tif,data\processed\streamlit_satellite_samples\AP_CUDDAPAH_2006_07_Rabi_satellite.npy,"[7, 128, 128]",float32,True,valid existing tensor
AP_EAST_GODAVARI_2006_07_Kharif,skipped,data\raw\satellite\AP_EAST_GODAVARI_2006_07_Kharif.tif,data\processed\streamlit_satellite_samples\AP_EAST_GODAVARI_2006_07_Kharif_satellite.npy,"[7, 128, 128]",float32,True,valid existing tensor
AP_EAST_GODAVARI_2006_07_Rabi,skipped,data\raw\satellite\AP_EAST_GODAVARI_2006_07_Rabi.tif,data\processed\streamlit_satellite_samples\AP_EAST_GODAVARI_2006_07_Rabi_satellite.npy,"[7, 128, 128]",float32,True,valid existing tensor
AP_GUNTUR_2006_07_Kharif,skipped,data\raw\satellite\AP_GUNTUR_2006_07_Kharif.tif,data\processed\streamlit_satellite_samples\AP_GUNTUR_2006_07_Kharif_satellite.npy,"[7, 128, 128]",float32,True,valid existing tensor
AP_GUNTUR_2006_07_Rabi,skipped,data\raw\satellite\AP_GUNTUR_2006_07_Rabi.tif,data\processed\streamlit_satellite_samples\AP_GUNTUR_2006_07_Rabi_satellite.npy,"[7, 128, 128]",float32,True,valid existing tensor
AP_KRISHNA_2006_07_Kharif,skipped,data\raw\satellite\AP_KRISHNA_2006_07_Kharif.tif,data\processed\streamlit_satellite_samples\AP_KRISHNA_2006_07_Kharif_satellite.npy,"[7, 128, 128]",float32,True,valid existing tensor
AP_KRISHNA_2006_07_Rabi,skipped,data\raw\satellite\AP_KRISHNA_2006_07_Rabi.tif,data\processed\streamlit_satellite_samples\AP_KRISHNA_2006_07_Rabi_satellite.npy,"[7, 128, 128]",float32,True,valid existing tensor
AP_KURNOOL_2006_07_Kharif,skipped,data\raw\satellite\AP_KURNOOL_2006_07_Kharif.tif,data\processed\streamlit_satellite_samples\AP_KURNOOL_2006_07_Kharif_satellite.npy,"[7, 128, 128]",float32,True,valid existing tensor
AP_KURNOOL_2006_07_Rabi,skipped,data\raw\satellite\AP_KURNOOL_2006_07_Rabi.tif,data\processed\streamlit_satellite_samples\AP_KURNOOL_2006_07_Rabi_satellite.npy,"[7, 128, 128]",float32,True,valid existing tensor
AP_NELLORE_2006_07_Kharif,skipped,data\raw\satellite\AP_NELLORE_2006_07_Kharif.tif,data\processed\streamlit_satellite_samples\AP_NELLORE_2006_07_Kharif_satellite.npy,"[7, 128, 128]",float32,True,valid existing tensor
AP_NELLORE_2006_07_Rabi,skipped,data\raw\satellite\AP_NELLORE_2006_07_Rabi.tif,data\processed\streamlit_satellite_samples\AP_NELLORE_2006_07_Rabi_satellite.npy,"[7, 128, 128]",float32,True,valid existing tensor
AP_PRAKASAM_2006_07_Kharif,skipped,data\raw\satellite\AP_PRAKASAM_2006_07_Kharif.tif,data\processed\streamlit_satellite_samples\AP_PRAKASAM_2006_07_Kharif_satellite.npy,"[7, 128, 128]",float32,True,valid existing tensor
AP_PRAKASAM_2006_07_Rabi,skipped,data\raw\satellite\AP_PRAKASAM_2006_07_Rabi.tif,data\processed\streamlit_satellite_samples\AP_PRAKASAM_2006_07_Rabi_satellite.npy,"[7, 128, 128]",float32,True,valid existing tensor
AP_SRIKAKULAM_2006_07_Kharif,skipped,data\raw\satellite\AP_SRIKAKULAM_2006_07_Kharif.tif,data\processed\streamlit_satellite_samples\AP_SRIKAKULAM_2006_07_Kharif_satellite.npy,"[7, 128, 128]",float32,True,valid existing tensor
AP_SRIKAKULAM_2006_07_Rabi,skipped,data\raw\satellite\AP_SRIKAKULAM_2006_07_Rabi.tif,data\processed\streamlit_satellite_samples\AP_SRIKAKULAM_2006_07_Rabi_satellite.npy,"[7, 128, 128]",float32,True,valid existing tensor
AP_VISAKHAPATNAM_2006_07_Kharif,skipped,data\raw\satellite\AP_VISAKHAPATNAM_2006_07_Kharif.tif,data\processed\streamlit_satellite_samples\AP_VISAKHAPATNAM_2006_07_Kharif_satellite.npy,"[7, 128, 128]",float32,True,valid existing tensor
AP_VISAKHAPATNAM_2006_07_Rabi,skipped,data\raw\satellite\AP_VISAKHAPATNAM_2006_07_Rabi.tif,data\processed\streamlit_satellite_samples\AP_VISAKHAPATNAM_2006_07_Rabi_satellite.npy,"[7, 128, 128]",float32,True,valid existing tensor
AP_VIZIANAGARM_2006_07_Rabi,skipped,data\raw\satellite\AP_VIZIANAGARM_2006_07_Rabi.tif,data\processed\streamlit_satellite_samples\AP_VIZIANAGARM_2006_07_Rabi_satellite.npy,"[7, 128, 128]",float32,True,valid existing tensor
AP_WEST_GODAVARI_2006_07_Kharif,skipped,data\raw\satellite\AP_WEST_GODAVARI_2006_07_Kharif.tif,data\processed\streamlit_satellite_samples\AP_WEST_GODAVARI_2006_07_Kharif_satellite.npy,"[7, 128, 128]",float32,True,valid existing tensor
AP_WEST_GODAVARI_2006_07_Rabi,skipped,data\raw\satellite\AP_WEST_GODAVARI_2006_07_Rabi.tif,data\processed\streamlit_satellite_samples\AP_WEST_GODAVARI_2006_07_Rabi_satellite.npy,"[7, 128, 128]",float32,True,valid existing tensor
AP_CHITTOOR_2007_08_Kharif,skipped,data\raw\satellite\AP_CHITTOOR_2007_08_Kharif.tif,data\processed\streamlit_satellite_samples\AP_CHITTOOR_2007_08_Kharif_satellite.npy,"[7, 128, 128]",float32,True,valid existing tensor
AP_CHITTOOR_2007_08_Rabi,skipped,data\raw\satellite\AP_CHITTOOR_2007_08_Rabi.tif,data\processed\streamlit_satellite_samples\AP_CHITTOOR_2007_08_Rabi_satellite.npy,"[7, 128, 128]",float32,True,valid existing tensor
AP_CUDDAPAH_2007_08_Kharif,skipped,data\raw\satellite\AP_CUDDAPAH_2007_08_Kharif.tif,data\processed\streamlit_satellite_samples\AP_CUDDAPAH_2007_08_Kharif_satellite.npy,"[7, 128, 128]",float32,True,valid existing tensor
AP_CUDDAPAH_2007_08_Rabi,skipped,data\raw\satellite\AP_CUDDAPAH_2007_08_Rabi.tif,data\processed\streamlit_satellite_samples\AP_CUDDAPAH_2007_08_Rabi_satellite.npy,"[7, 128, 128]",float32,True,valid existing tensor
AP_EAST_GODAVARI_2007_08_Kharif,skipped,data\raw\satellite\AP_EAST_GODAVARI_2007_08_Kharif.tif,data\processed\streamlit_satellite_samples\AP_EAST_GODAVARI_2007_08_Kharif_satellite.npy,"[7, 128, 128]",float32,True,valid existing tensor
AP_EAST_GODAVARI_2007_08_Rabi,skipped,data\raw\satellite\AP_EAST_GODAVARI_2007_08_Rabi.tif,data\processed\streamlit_satellite_samples\AP_EAST_GODAVARI_2007_08_Rabi_satellite.npy,"[7, 128, 128]",float32,True,valid existing tensor
AP_GUNTUR_2007_08_Rabi,skipped,data\raw\satellite\AP_GUNTUR_2007_08_Rabi.tif,data\processed\streamlit_satellite_samples\AP_GUNTUR_2007_08_Rabi_satellite.npy,"[7, 128, 128]",float32,True,valid existing tensor
AP_KRISHNA_2007_08_Rabi,skipped,data\raw\satellite\AP_KRISHNA_2007_08_Rabi.tif,data\processed\streamlit_satellite_samples\AP_KRISHNA_2007_08_Rabi_satellite.npy,"[7, 128, 128]",float32,True,valid existing tensor
AP_KURNOOL_2007_08_Rabi,skipped,data\raw\satellite\AP_KURNOOL_2007_08_Rabi.tif,data\processed\streamlit_satellite_samples\AP_KURNOOL_2007_08_Rabi_satellite.npy,"[7, 128, 128]",float32,True,valid existing tensor
AP_NELLORE_2007_08_Kharif,skipped,data\raw\satellite\AP_NELLORE_2007_08_Kharif.tif,data\processed\streamlit_satellite_samples\AP_NELLORE_2007_08_Kharif_satellite.npy,"[7, 128, 128]",float32,True,valid existing tensor
AP_NELLORE_2007_08_Rabi,skipped,data\raw\satellite\AP_NELLORE_2007_08_Rabi.tif,data\processed\streamlit_satellite_samples\AP_NELLORE_2007_08_Rabi_satellite.npy,"[7, 128, 128]",float32,True,valid existing tensor
AP_PRAKASAM_2007_08_Kharif,skipped,data\raw\satellite\AP_PRAKASAM_2007_08_Kharif.tif,data\processed\streamlit_satellite_samples\AP_PRAKASAM_2007_08_Kharif_satellite.npy,"[7, 128, 128]",float32,True,valid existing tensor
AP_PRAKASAM_2007_08_Rabi,skipped,data\raw\satellite\AP_PRAKASAM_2007_08_Rabi.tif,data\processed\streamlit_satellite_samples\AP_PRAKASAM_2007_08_Rabi_satellite.npy,"[7, 128, 128]",float32,True,valid existing tensor
AP_SRIKAKULAM_2007_08_Kharif,skipped,data\raw\satellite\AP_SRIKAKULAM_2007_08_Kharif.tif,data\processed\streamlit_satellite_samples\AP_SRIKAKULAM_2007_08_Kharif_satellite.npy,"[7, 128, 128]",float32,True,valid existing tensor
AP_SRIKAKULAM_2007_08_Rabi,skipped,data\raw\satellite\AP_SRIKAKULAM_2007_08_Rabi.tif,data\processed\streamlit_satellite_samples\AP_SRIKAKULAM_2007_08_Rabi_satellite.npy,"[7, 128, 128]",float32,True,valid existing tensor
AP_VISAKHAPATNAM_2007_08_Rabi,skipped,data\raw\satellite\AP_VISAKHAPATNAM_2007_08_Rabi.tif,data\processed\streamlit_satellite_samples\AP_VISAKHAPATNAM_2007_08_Rabi_satellite.npy,"[7, 128, 128]",float32,True,valid existing tensor
AP_VIZIANAGARM_2007_08_Rabi,skipped,data\raw\satellite\AP_VIZIANAGARM_2007_08_Rabi.tif,data\processed\streamlit_satellite_samples\AP_VIZIANAGARM_2007_08_Rabi_satellite.npy,"[7, 128, 128]",float32,True,valid existing tensor
AP_WEST_GODAVARI_2007_08_Kharif,skipped,data\raw\satellite\AP_WEST_GODAVARI_2007_08_Kharif.tif,data\processed\streamlit_satellite_samples\AP_WEST_GODAVARI_2007_08_Kharif_satellite.npy,"[7, 128, 128]",float32,True,valid existing tensor
AP_WEST_GODAVARI_2007_08_Rabi,skipped,data\raw\satellite\AP_WEST_GODAVARI_2007_08_Rabi.tif,data\processed\streamlit_satellite_samples\AP_WEST_GODAVARI_2007_08_Rabi_satellite.npy,"[7, 128, 128]",float32,True,valid existing tensor
AP_ANANTPUR_2008_09_Kharif,skipped,data\raw\satellite\AP_ANANTPUR_2008_09_Kharif.tif,data\processed\streamlit_satellite_samples\AP_ANANTPUR_2008_09_Kharif_satellite.npy,"[7, 128, 128]",float32,True,valid existing tensor
AP_ANANTPUR_2008_09_Rabi,skipped,data\raw\satellite\AP_ANANTPUR_2008_09_Rabi.tif,data\processed\streamlit_satellite_samples\AP_ANANTPUR_2008_09_Rabi_satellite.npy,"[7, 128, 128]",float32,True,valid existing tensor
AP_CHITTOOR_2008_09_Kharif,skipped,data\raw\satellite\AP_CHITTOOR_2008_09_Kharif.tif,data\processed\streamlit_satellite_samples\AP_CHITTOOR_2008_09_Kharif_satellite.npy,"[7, 128, 128]",float32,True,valid existing tensor
AP_CHITTOOR_2008_09_Rabi,skipped,data\raw\satellite\AP_CHITTOOR_2008_09_Rabi.tif,data\processed\streamlit_satellite_samples\AP_CHITTOOR_2008_09_Rabi_satellite.npy,"[7, 128, 128]",float32,True,valid existing tensor
AP_CUDDAPAH_2008_09_Kharif,skipped,data\raw\satellite\AP_CUDDAPAH_2008_09_Kharif.tif,data\processed\streamlit_satellite_samples\AP_CUDDAPAH_2008_09_Kharif_satellite.npy,"[7, 128, 128]",float32,True,valid existing tensor
AP_CUDDAPAH_2008_09_Rabi,skipped,data\raw\satellite\AP_CUDDAPAH_2008_09_Rabi.tif,data\processed\streamlit_satellite_samples\AP_CUDDAPAH_2008_09_Rabi_satellite.npy,"[7, 128, 128]",float32,True,valid existing tensor
AP_EAST_GODAVARI_2008_09_Kharif,skipped,data\raw\satellite\AP_EAST_GODAVARI_2008_09_Kharif.tif,data\processed\streamlit_satellite_samples\AP_EAST_GODAVARI_2008_09_Kharif_satellite.npy,"[7, 128, 128]",float32,True,valid existing tensor
AP_EAST_GODAVARI_2008_09_Rabi,skipped,data\raw\satellite\AP_EAST_GODAVARI_2008_09_Rabi.tif,data\processed\streamlit_satellite_samples\AP_EAST_GODAVARI_2008_09_Rabi_satellite.npy,"[7, 128, 128]",float32,True,valid existing tensor
AP_GUNTUR_2008_09_Kharif,skipped,data\raw\satellite\AP_GUNTUR_2008_09_Kharif.tif,data\processed\streamlit_satellite_samples\AP_GUNTUR_2008_09_Kharif_satellite.npy,"[7, 128, 128]",float32,True,valid existing tensor
AP_GUNTUR_2008_09_Rabi,skipped,data\raw\satellite\AP_GUNTUR_2008_09_Rabi.tif,data\processed\streamlit_satellite_samples\AP_GUNTUR_2008_09_Rabi_satellite.npy,"[7, 128, 128]",float32,True,valid existing tensor
AP_KRISHNA_2008_09_Kharif,skipped,data\raw\satellite\AP_KRISHNA_2008_09_Kharif.tif,data\processed\streamlit_satellite_samples\AP_KRISHNA_2008_09_Kharif_satellite.npy,"[7, 128, 128]",float32,True,valid existing tensor
AP_KRISHNA_2008_09_Rabi,skipped,data\raw\satellite\AP_KRISHNA_2008_09_Rabi.tif,data\processed\streamlit_satellite_samples\AP_KRISHNA_2008_09_Rabi_satellite.npy,"[7, 128, 128]",float32,True,valid existing tensor
AP_KURNOOL_2008_09_Kharif,skipped,data\raw\satellite\AP_KURNOOL_2008_09_Kharif.tif,data\processed\streamlit_satellite_samples\AP_KURNOOL_2008_09_Kharif_satellite.npy,"[7, 128, 128]",float32,True,valid existing tensor
AP_KURNOOL_2008_09_Rabi,skipped,data\raw\satellite\AP_KURNOOL_2008_09_Rabi.tif,data\processed\streamlit_satellite_samples\AP_KURNOOL_2008_09_Rabi_satellite.npy,"[7, 128, 128]",float32,True,valid existing tensor
AP_NELLORE_2008_09_Kharif,skipped,data\raw\satellite\AP_NELLORE_2008_09_Kharif.tif,data\processed\streamlit_satellite_samples\AP_NELLORE_2008_09_Kharif_satellite.npy,"[7, 128, 128]",float32,True,valid existing tensor
AP_NELLORE_2008_09_Rabi,skipped,data\raw\satellite\AP_NELLORE_2008_09_Rabi.tif,data\processed\streamlit_satellite_samples\AP_NELLORE_2008_09_Rabi_satellite.npy,"[7, 128, 128]",float32,True,valid existing tensor
AP_PRAKASAM_2008_09_Kharif,skipped,data\raw\satellite\AP_PRAKASAM_2008_09_Kharif.tif,data\processed\streamlit_satellite_samples\AP_PRAKASAM_2008_09_Kharif_satellite.npy,"[7, 128, 128]",float32,True,valid existing tensor
AP_SRIKAKULAM_2008_09_Kharif,skipped,data\raw\satellite\AP_SRIKAKULAM_2008_09_Kharif.tif,data\processed\streamlit_satellite_samples\AP_SRIKAKULAM_2008_09_Kharif_satellite.npy,"[7, 128, 128]",float32,True,valid existing tensor
AP_SRIKAKULAM_2008_09_Rabi,skipped,data\raw\satellite\AP_SRIKAKULAM_2008_09_Rabi.tif,data\processed\streamlit_satellite_samples\AP_SRIKAKULAM_2008_09_Rabi_satellite.npy,"[7, 128, 128]",float32,True,valid existing tensor
AP_VISAKHAPATNAM_2008_09_Kharif,skipped,data\raw\satellite\AP_VISAKHAPATNAM_2008_09_Kharif.tif,data\processed\streamlit_satellite_samples\AP_VISAKHAPATNAM_2008_09_Kharif_satellite.npy,"[7, 128, 128]",float32,True,valid existing tensor
AP_VISAKHAPATNAM_2008_09_Rabi,skipped,data\raw\satellite\AP_VISAKHAPATNAM_2008_09_Rabi.tif,data\processed\streamlit_satellite_samples\AP_VISAKHAPATNAM_2008_09_Rabi_satellite.npy,"[7, 128, 128]",float32,True,valid existing tensor
AP_VIZIANAGARM_2008_09_Kharif,skipped,data\raw\satellite\AP_VIZIANAGARM_2008_09_Kharif.tif,data\processed\streamlit_satellite_samples\AP_VIZIANAGARM_2008_09_Kharif_satellite.npy,"[7, 128, 128]",float32,True,valid existing tensor
AP_VIZIANAGARM_2008_09_Rabi,skipped,data\raw\satellite\AP_VIZIANAGARM_2008_09_Rabi.tif,data\processed\streamlit_satellite_samples\AP_VIZIANAGARM_2008_09_Rabi_satellite.npy,"[7, 128, 128]",float32,True,valid existing tensor
AP_WEST_GODAVARI_2008_09_Kharif,skipped,data\raw\satellite\AP_WEST_GODAVARI_2008_09_Kharif.tif,data\processed\streamlit_satellite_samples\AP_WEST_GODAVARI_2008_09_Kharif_satellite.npy,"[7, 128, 128]",float32,True,valid existing tensor
AP_WEST_GODAVARI_2008_09_Rabi,skipped,data\raw\satellite\AP_WEST_GODAVARI_2008_09_Rabi.tif,data\processed\streamlit_satellite_samples\AP_WEST_GODAVARI_2008_09_Rabi_satellite.npy,"[7, 128, 128]",float32,True,valid existing tensor
AP_ANANTPUR_2009_10_Kharif,skipped,data\raw\satellite\AP_ANANTPUR_2009_10_Kharif.tif,data\processed\streamlit_satellite_samples\AP_ANANTPUR_2009_10_Kharif_satellite.npy,"[7, 128, 128]",float32,True,valid existing tensor
AP_ANANTPUR_2009_10_Rabi,skipped,data\raw\satellite\AP_ANANTPUR_2009_10_Rabi.tif,data\processed\streamlit_satellite_samples\AP_ANANTPUR_2009_10_Rabi_satellite.npy,"[7, 128, 128]",float32,True,valid existing tensor
AP_CHITTOOR_2009_10_Kharif,skipped,data\raw\satellite\AP_CHITTOOR_2009_10_Kharif.tif,data\processed\streamlit_satellite_samples\AP_CHITTOOR_2009_10_Kharif_satellite.npy,"[7, 128, 128]",float32,True,valid existing tensor
AP_CHITTOOR_2009_10_Rabi,skipped,data\raw\satellite\AP_CHITTOOR_2009_10_Rabi.tif,data\processed\streamlit_satellite_samples\AP_CHITTOOR_2009_10_Rabi_satellite.npy,"[7, 128, 128]",float32,True,valid existing tensor
AP_CUDDAPAH_2009_10_Kharif,skipped,data\raw\satellite\AP_CUDDAPAH_2009_10_Kharif.tif,data\processed\streamlit_satellite_samples\AP_CUDDAPAH_2009_10_Kharif_satellite.npy,"[7, 128, 128]",float32,True,valid existing tensor
AP_CUDDAPAH_2009_10_Rabi,skipped,data\raw\satellite\AP_CUDDAPAH_2009_10_Rabi.tif,data\processed\streamlit_satellite_samples\AP_CUDDAPAH_2009_10_Rabi_satellite.npy,"[7, 128, 128]",float32,True,valid existing tensor
AP_EAST_GODAVARI_2009_10_Kharif,skipped,data\raw\satellite\AP_EAST_GODAVARI_2009_10_Kharif.tif,data\processed\streamlit_satellite_samples\AP_EAST_GODAVARI_2009_10_Kharif_satellite.npy,"[7, 128, 128]",float32,True,valid existing tensor
AP_EAST_GODAVARI_2009_10_Rabi,skipped,data\raw\satellite\AP_EAST_GODAVARI_2009_10_Rabi.tif,data\processed\streamlit_satellite_samples\AP_EAST_GODAVARI_2009_10_Rabi_satellite.npy,"[7, 128, 128]",float32,True,valid existing tensor
AP_GUNTUR_2009_10_Kharif,skipped,data\raw\satellite\AP_GUNTUR_2009_10_Kharif.tif,data\processed\streamlit_satellite_samples\AP_GUNTUR_2009_10_Kharif_satellite.npy,"[7, 128, 128]",float32,True,valid existing tensor
AP_GUNTUR_2009_10_Rabi,skipped,data\raw\satellite\AP_GUNTUR_2009_10_Rabi.tif,data\processed\streamlit_satellite_samples\AP_GUNTUR_2009_10_Rabi_satellite.npy,"[7, 128, 128]",float32,True,valid existing tensor
AP_KRISHNA_2009_10_Kharif,skipped,data\raw\satellite\AP_KRISHNA_2009_10_Kharif.tif,data\processed\streamlit_satellite_samples\AP_KRISHNA_2009_10_Kharif_satellite.npy,"[7, 128, 128]",float32,True,valid existing tensor
AP_KRISHNA_2009_10_Rabi,skipped,data\raw\satellite\AP_KRISHNA_2009_10_Rabi.tif,data\processed\streamlit_satellite_samples\AP_KRISHNA_2009_10_Rabi_satellite.npy,"[7, 128, 128]",float32,True,valid existing tensor
AP_KURNOOL_2009_10_Kharif,skipped,data\raw\satellite\AP_KURNOOL_2009_10_Kharif.tif,data\processed\streamlit_satellite_samples\AP_KURNOOL_2009_10_Kharif_satellite.npy,"[7, 128, 128]",float32,True,valid existing tensor
AP_KURNOOL_2009_10_Rabi,skipped,data\raw\satellite\AP_KURNOOL_2009_10_Rabi.tif,data\processed\streamlit_satellite_samples\AP_KURNOOL_2009_10_Rabi_satellite.npy,"[7, 128, 128]",float32,True,valid existing tensor
AP_NELLORE_2009_10_Kharif,skipped,data\raw\satellite\AP_NELLORE_2009_10_Kharif.tif,data\processed\streamlit_satellite_samples\AP_NELLORE_2009_10_Kharif_satellite.npy,"[7, 128, 128]",float32,True,valid existing tensor
AP_NELLORE_2009_10_Rabi,skipped,data\raw\satellite\AP_NELLORE_2009_10_Rabi.tif,data\processed\streamlit_satellite_samples\AP_NELLORE_2009_10_Rabi_satellite.npy,"[7, 128, 128]",float32,True,valid existing tensor
AP_PRAKASAM_2009_10_Kharif,skipped,data\raw\satellite\AP_PRAKASAM_2009_10_Kharif.tif,data\processed\streamlit_satellite_samples\AP_PRAKASAM_2009_10_Kharif_satellite.npy,"[7, 128, 128]",float32,True,valid existing tensor
AP_PRAKASAM_2009_10_Rabi,skipped,data\raw\satellite\AP_PRAKASAM_2009_10_Rabi.tif,data\processed\streamlit_satellite_samples\AP_PRAKASAM_2009_10_Rabi_satellite.npy,"[7, 128, 128]",float32,True,valid existing tensor
AP_SRIKAKULAM_2009_10_Kharif,skipped,data\raw\satellite\AP_SRIKAKULAM_2009_10_Kharif.tif,data\processed\streamlit_satellite_samples\AP_SRIKAKULAM_2009_10_Kharif_satellite.npy,"[7, 128, 128]",float32,True,valid existing tensor
AP_SRIKAKULAM_2009_10_Rabi,skipped,data\raw\satellite\AP_SRIKAKULAM_2009_10_Rabi.tif,data\processed\streamlit_satellite_samples\AP_SRIKAKULAM_2009_10_Rabi_satellite.npy,"[7, 128, 128]",float32,True,valid existing tensor
AP_VISAKHAPATNAM_2009_10_Kharif,skipped,data\raw\satellite\AP_VISAKHAPATNAM_2009_10_Kharif.tif,data\processed\streamlit_satellite_samples\AP_VISAKHAPATNAM_2009_10_Kharif_satellite.npy,"[7, 128, 128]",float32,True,valid existing tensor
AP_VISAKHAPATNAM_2009_10_Rabi,skipped,data\raw\satellite\AP_VISAKHAPATNAM_2009_10_Rabi.tif,data\processed\streamlit_satellite_samples\AP_VISAKHAPATNAM_2009_10_Rabi_satellite.npy,"[7, 128, 128]",float32,True,valid existing tensor
AP_VIZIANAGARM_2009_10_Kharif,skipped,data\raw\satellite\AP_VIZIANAGARM_2009_10_Kharif.tif,data\processed\streamlit_satellite_samples\AP_VIZIANAGARM_2009_10_Kharif_satellite.npy,"[7, 128, 128]",float32,True,valid existing tensor
AP_VIZIANAGARM_2009_10_Rabi,skipped,data\raw\satellite\AP_VIZIANAGARM_2009_10_Rabi.tif,data\processed\streamlit_satellite_samples\AP_VIZIANAGARM_2009_10_Rabi_satellite.npy,"[7, 128, 128]",float32,True,valid existing tensor
AP_WEST_GODAVARI_2009_10_Rabi,skipped,data\raw\satellite\AP_WEST_GODAVARI_2009_10_Rabi.tif,data\processed\streamlit_satellite_samples\AP_WEST_GODAVARI_2009_10_Rabi_satellite.npy,"[7, 128, 128]",float32,True,valid existing tensor
AP_ANANTPUR_2010_11_Kharif,skipped,data\raw\satellite\AP_ANANTPUR_2010_11_Kharif.tif,data\processed\streamlit_satellite_samples\AP_ANANTPUR_2010_11_Kharif_satellite.npy,"[7, 128, 128]",float32,True,valid existing tensor
AP_ANANTPUR_2010_11_Rabi,skipped,data\raw\satellite\AP_ANANTPUR_2010_11_Rabi.tif,data\processed\streamlit_satellite_samples\AP_ANANTPUR_2010_11_Rabi_satellite.npy,"[7, 128, 128]",float32,True,valid existing tensor
AP_CHITTOOR_2010_11_Kharif,skipped,data\raw\satellite\AP_CHITTOOR_2010_11_Kharif.tif,data\processed\streamlit_satellite_samples\AP_CHITTOOR_2010_11_Kharif_satellite.npy,"[7, 128, 128]",float32,True,valid existing tensor
AP_CHITTOOR_2010_11_Rabi,skipped,data\raw\satellite\AP_CHITTOOR_2010_11_Rabi.tif,data\processed\streamlit_satellite_samples\AP_CHITTOOR_2010_11_Rabi_satellite.npy,"[7, 128, 128]",float32,True,valid existing tensor
AP_CUDDAPAH_2010_11_Kharif,skipped,data\raw\satellite\AP_CUDDAPAH_2010_11_Kharif.tif,data\processed\streamlit_satellite_samples\AP_CUDDAPAH_2010_11_Kharif_satellite.npy,"[7, 128, 128]",float32,True,valid existing tensor
AP_CUDDAPAH_2010_11_Rabi,skipped,data\raw\satellite\AP_CUDDAPAH_2010_11_Rabi.tif,data\processed\streamlit_satellite_samples\AP_CUDDAPAH_2010_11_Rabi_satellite.npy,"[7, 128, 128]",float32,True,valid existing tensor
AP_EAST_GODAVARI_2010_11_Kharif,skipped,data\raw\satellite\AP_EAST_GODAVARI_2010_11_Kharif.tif,data\processed\streamlit_satellite_samples\AP_EAST_GODAVARI_2010_11_Kharif_satellite.npy,"[7, 128, 128]",float32,True,valid existing tensor
AP_EAST_GODAVARI_2010_11_Rabi,skipped,data\raw\satellite\AP_EAST_GODAVARI_2010_11_Rabi.tif,data\processed\streamlit_satellite_samples\AP_EAST_GODAVARI_2010_11_Rabi_satellite.npy,"[7, 128, 128]",float32,True,valid existing tensor
AP_GUNTUR_2010_11_Kharif,skipped,data\raw\satellite\AP_GUNTUR_2010_11_Kharif.tif,data\processed\streamlit_satellite_samples\AP_GUNTUR_2010_11_Kharif_satellite.npy,"[7, 128, 128]",float32,True,valid existing tensor
AP_GUNTUR_2010_11_Rabi,skipped,data\raw\satellite\AP_GUNTUR_2010_11_Rabi.tif,data\processed\streamlit_satellite_samples\AP_GUNTUR_2010_11_Rabi_satellite.npy,"[7, 128, 128]",float32,True,valid existing tensor
AP_KRISHNA_2010_11_Kharif,skipped,data\raw\satellite\AP_KRISHNA_2010_11_Kharif.tif,data\processed\streamlit_satellite_samples\AP_KRISHNA_2010_11_Kharif_satellite.npy,"[7, 128, 128]",float32,True,valid existing tensor
AP_KURNOOL_2010_11_Kharif,skipped,data\raw\satellite\AP_KURNOOL_2010_11_Kharif.tif,data\processed\streamlit_satellite_samples\AP_KURNOOL_2010_11_Kharif_satellite.npy,"[7, 128, 128]",float32,True,valid existing tensor
AP_KURNOOL_2010_11_Rabi,skipped,data\raw\satellite\AP_KURNOOL_2010_11_Rabi.tif,data\processed\streamlit_satellite_samples\AP_KURNOOL_2010_11_Rabi_satellite.npy,"[7, 128, 128]",float32,True,valid existing tensor
AP_NELLORE_2010_11_Kharif,skipped,data\raw\satellite\AP_NELLORE_2010_11_Kharif.tif,data\processed\streamlit_satellite_samples\AP_NELLORE_2010_11_Kharif_satellite.npy,"[7, 128, 128]",float32,True,valid existing tensor
AP_NELLORE_2010_11_Rabi,skipped,data\raw\satellite\AP_NELLORE_2010_11_Rabi.tif,data\processed\streamlit_satellite_samples\AP_NELLORE_2010_11_Rabi_satellite.npy,"[7, 128, 128]",float32,True,valid existing tensor
AP_PRAKASAM_2010_11_Kharif,skipped,data\raw\satellite\AP_PRAKASAM_2010_11_Kharif.tif,data\processed\streamlit_satellite_samples\AP_PRAKASAM_2010_11_Kharif_satellite.npy,"[7, 128, 128]",float32,True,valid existing tensor
AP_PRAKASAM_2010_11_Rabi,skipped,data\raw\satellite\AP_PRAKASAM_2010_11_Rabi.tif,data\processed\streamlit_satellite_samples\AP_PRAKASAM_2010_11_Rabi_satellite.npy,"[7, 128, 128]",float32,True,valid existing tensor
AP_SRIKAKULAM_2010_11_Kharif,skipped,data\raw\satellite\AP_SRIKAKULAM_2010_11_Kharif.tif,data\processed\streamlit_satellite_samples\AP_SRIKAKULAM_2010_11_Kharif_satellite.npy,"[7, 128, 128]",float32,True,valid existing tensor
AP_SRIKAKULAM_2010_11_Rabi,skipped,data\raw\satellite\AP_SRIKAKULAM_2010_11_Rabi.tif,data\processed\streamlit_satellite_samples\AP_SRIKAKULAM_2010_11_Rabi_satellite.npy,"[7, 128, 128]",float32,True,valid existing tensor
AP_VISAKHAPATNAM_2010_11_Kharif,skipped,data\raw\satellite\AP_VISAKHAPATNAM_2010_11_Kharif.tif,data\processed\streamlit_satellite_samples\AP_VISAKHAPATNAM_2010_11_Kharif_satellite.npy,"[7, 128, 128]",float32,True,valid existing tensor
AP_VISAKHAPATNAM_2010_11_Rabi,skipped,data\raw\satellite\AP_VISAKHAPATNAM_2010_11_Rabi.tif,data\processed\streamlit_satellite_samples\AP_VISAKHAPATNAM_2010_11_Rabi_satellite.npy,"[7, 128, 128]",float32,True,valid existing tensor
AP_VIZIANAGARM_2010_11_Kharif,skipped,data\raw\satellite\AP_VIZIANAGARM_2010_11_Kharif.tif,data\processed\streamlit_satellite_samples\AP_VIZIANAGARM_2010_11_Kharif_satellite.npy,"[7, 128, 128]",float32,True,valid existing tensor
AP_VIZIANAGARM_2010_11_Rabi,skipped,data\raw\satellite\AP_VIZIANAGARM_2010_11_Rabi.tif,data\processed\streamlit_satellite_samples\AP_VIZIANAGARM_2010_11_Rabi_satellite.npy,"[7, 128, 128]",float32,True,valid existing tensor
AP_WEST_GODAVARI_2010_11_Kharif,skipped,data\raw\satellite\AP_WEST_GODAVARI_2010_11_Kharif.tif,data\processed\streamlit_satellite_samples\AP_WEST_GODAVARI_2010_11_Kharif_satellite.npy,"[7, 128, 128]",float32,True,valid existing tensor
AP_WEST_GODAVARI_2010_11_Rabi,skipped,data\raw\satellite\AP_WEST_GODAVARI_2010_11_Rabi.tif,data\processed\streamlit_satellite_samples\AP_WEST_GODAVARI_2010_11_Rabi_satellite.npy,"[7, 128, 128]",float32,True,valid existing tensor
AP_ANANTPUR_2011_12_Kharif,skipped,data\raw\satellite\AP_ANANTPUR_2011_12_Kharif.tif,data\processed\streamlit_satellite_samples\AP_ANANTPUR_2011_12_Kharif_satellite.npy,"[7, 128, 128]",float32,True,valid existing tensor
AP_GUNTUR_2011_12_Kharif,skipped,data\raw\satellite\AP_GUNTUR_2011_12_Kharif.tif,data\processed\streamlit_satellite_samples\AP_GUNTUR_2011_12_Kharif_satellite.npy,"[7, 128, 128]",float32,True,valid existing tensor
AP_KRISHNA_2011_12_Kharif,skipped,data\raw\satellite\AP_KRISHNA_2011_12_Kharif.tif,data\processed\streamlit_satellite_samples\AP_KRISHNA_2011_12_Kharif_satellite.npy,"[7, 128, 128]",float32,True,valid existing tensor
AP_KRISHNA_2011_12_Rabi,skipped,data\raw\satellite\AP_KRISHNA_2011_12_Rabi.tif,data\processed\streamlit_satellite_samples\AP_KRISHNA_2011_12_Rabi_satellite.npy,"[7, 128, 128]",float32,True,valid existing tensor
AP_KURNOOL_2011_12_Kharif,skipped,data\raw\satellite\AP_KURNOOL_2011_12_Kharif.tif,data\processed\streamlit_satellite_samples\AP_KURNOOL_2011_12_Kharif_satellite.npy,"[7, 128, 128]",float32,True,valid existing tensor
AP_NELLORE_2011_12_Kharif,skipped,data\raw\satellite\AP_NELLORE_2011_12_Kharif.tif,data\processed\streamlit_satellite_samples\AP_NELLORE_2011_12_Kharif_satellite.npy,"[7, 128, 128]",float32,True,valid existing tensor
AP_PRAKASAM_2011_12_Kharif,skipped,data\raw\satellite\AP_PRAKASAM_2011_12_Kharif.tif,data\processed\streamlit_satellite_samples\AP_PRAKASAM_2011_12_Kharif_satellite.npy,"[7, 128, 128]",float32,True,valid existing tensor
AP_SRIKAKULAM_2011_12_Kharif,skipped,data\raw\satellite\AP_SRIKAKULAM_2011_12_Kharif.tif,data\processed\streamlit_satellite_samples\AP_SRIKAKULAM_2011_12_Kharif_satellite.npy,"[7, 128, 128]",float32,True,valid existing tensor
AP_SRIKAKULAM_2011_12_Rabi,skipped,data\raw\satellite\AP_SRIKAKULAM_2011_12_Rabi.tif,data\processed\streamlit_satellite_samples\AP_SRIKAKULAM_2011_12_Rabi_satellite.npy,"[7, 128, 128]",float32,True,valid existing tensor
AP_VISAKHAPATNAM_2011_12_Kharif,skipped,data\raw\satellite\AP_VISAKHAPATNAM_2011_12_Kharif.tif,data\processed\streamlit_satellite_samples\AP_VISAKHAPATNAM_2011_12_Kharif_satellite.npy,"[7, 128, 128]",float32,True,valid existing tensor
AP_VIZIANAGARM_2011_12_Kharif,skipped,data\raw\satellite\AP_VIZIANAGARM_2011_12_Kharif.tif,data\processed\streamlit_satellite_samples\AP_VIZIANAGARM_2011_12_Kharif_satellite.npy,"[7, 128, 128]",float32,True,valid existing tensor
AP_WEST_GODAVARI_2011_12_Kharif,skipped,data\raw\satellite\AP_WEST_GODAVARI_2011_12_Kharif.tif,data\processed\streamlit_satellite_samples\AP_WEST_GODAVARI_2011_12_Kharif_satellite.npy,"[7, 128, 128]",float32,True,valid existing tensor
AP_WEST_GODAVARI_2011_12_Rabi,skipped,data\raw\satellite\AP_WEST_GODAVARI_2011_12_Rabi.tif,data\processed\streamlit_satellite_samples\AP_WEST_GODAVARI_2011_12_Rabi_satellite.npy,"[7, 128, 128]",float32,True,valid existing tensor
AP_VISAKHAPATNAM_1999_00_Rabi,generated,data\raw\satellite\AP_VISAKHAPATNAM_1999_00_Rabi.tif,data\processed\streamlit_satellite_samples\AP_VISAKHAPATNAM_1999_00_Rabi_satellite.npy,"[7, 128, 128]",float32,True,generated from existing extraction GeoTIFF
AP_ANANTPUR_2000_01_Kharif,generated,data\raw\satellite\AP_ANANTPUR_2000_01_Kharif.tif,data\processed\streamlit_satellite_samples\AP_ANANTPUR_2000_01_Kharif_satellite.npy,"[7, 128, 128]",float32,True,generated from existing extraction GeoTIFF
AP_KURNOOL_2000_01_Kharif,generated,data\raw\satellite\AP_KURNOOL_2000_01_Kharif.tif,data\processed\streamlit_satellite_samples\AP_KURNOOL_2000_01_Kharif_satellite.npy,"[7, 128, 128]",float32,True,generated from existing extraction GeoTIFF
AP_SRIKAKULAM_2000_01_Rabi,generated,data\raw\satellite\AP_SRIKAKULAM_2000_01_Rabi.tif,data\processed\streamlit_satellite_samples\AP_SRIKAKULAM_2000_01_Rabi_satellite.npy,"[7, 128, 128]",float32,True,generated from existing extraction GeoTIFF
AP_ANANTPUR_2001_02_Kharif,generated,data\raw\satellite\AP_ANANTPUR_2001_02_Kharif.tif,data\processed\streamlit_satellite_samples\AP_ANANTPUR_2001_02_Kharif_satellite.npy,"[7, 128, 128]",float32,True,generated from existing extraction GeoTIFF
AP_CHITTOOR_2001_02_Kharif,generated,data\raw\satellite\AP_CHITTOOR_2001_02_Kharif.tif,data\processed\streamlit_satellite_samples\AP_CHITTOOR_2001_02_Kharif_satellite.npy,"[7, 128, 128]",float32,True,generated from existing extraction GeoTIFF
AP_NELLORE_2001_02_Kharif,generated,data\raw\satellite\AP_NELLORE_2001_02_Kharif.tif,data\processed\streamlit_satellite_samples\AP_NELLORE_2001_02_Kharif_satellite.npy,"[7, 128, 128]",float32,True,generated from existing extraction GeoTIFF
AP_VIZIANAGARM_2006_07_Kharif,generated,data\raw\satellite\AP_VIZIANAGARM_2006_07_Kharif.tif,data\processed\streamlit_satellite_samples\AP_VIZIANAGARM_2006_07_Kharif_satellite.npy,"[7, 128, 128]",float32,True,generated from existing extraction GeoTIFF
AP_GUNTUR_2007_08_Kharif,generated,data\raw\satellite\AP_GUNTUR_2007_08_Kharif.tif,data\processed\streamlit_satellite_samples\AP_GUNTUR_2007_08_Kharif_satellite.npy,"[7, 128, 128]",float32,True,generated from existing extraction GeoTIFF
AP_KURNOOL_2007_08_Kharif,generated,data\raw\satellite\AP_KURNOOL_2007_08_Kharif.tif,data\processed\streamlit_satellite_samples\AP_KURNOOL_2007_08_Kharif_satellite.npy,"[7, 128, 128]",float32,True,generated from existing extraction GeoTIFF
AP_VISAKHAPATNAM_2007_08_Kharif,generated,data\raw\satellite\AP_VISAKHAPATNAM_2007_08_Kharif.tif,data\processed\streamlit_satellite_samples\AP_VISAKHAPATNAM_2007_08_Kharif_satellite.npy,"[7, 128, 128]",float32,True,generated from existing extraction GeoTIFF
AP_VIZIANAGARM_2007_08_Kharif,generated,data\raw\satellite\AP_VIZIANAGARM_2007_08_Kharif.tif,data\processed\streamlit_satellite_samples\AP_VIZIANAGARM_2007_08_Kharif_satellite.npy,"[7, 128, 128]",float32,True,generated from existing extraction GeoTIFF
AP_WEST_GODAVARI_2009_10_Kharif,generated,data\raw\satellite\AP_WEST_GODAVARI_2009_10_Kharif.tif,data\processed\streamlit_satellite_samples\AP_WEST_GODAVARI_2009_10_Kharif_satellite.npy,"[7, 128, 128]",float32,True,generated from existing extraction GeoTIFF
AP_KRISHNA_2010_11_Rabi,generated,data\raw\satellite\AP_KRISHNA_2010_11_Rabi.tif,data\processed\streamlit_satellite_samples\AP_KRISHNA_2010_11_Rabi_satellite.npy,"[7, 128, 128]",float32,True,generated from existing extraction GeoTIFF
AP_VISAKHAPATNAM_2011_12_Rabi,generated,data\raw\satellite\AP_VISAKHAPATNAM_2011_12_Rabi.tif,data\processed\streamlit_satellite_samples\AP_VISAKHAPATNAM_2011_12_Rabi_satellite.npy,"[7, 128, 128]",float32,True,generated from existing extraction GeoTIFF
AP_VIZIANAGARM_2011_12_Rabi,generated,data\raw\satellite\AP_VIZIANAGARM_2011_12_Rabi.tif,data\processed\streamlit_satellite_samples\AP_VIZIANAGARM_2011_12_Rabi_satellite.npy,"[7, 128, 128]",float32,True,generated from existing extraction GeoTIFF
