"State","District","Crop","Season","Area-2024-25","Production-2024-25","Yield-2024-25"
"Andhra Pradesh","Alluri Sitharama Raju","Rice","Kharif","0.56","1.76","3155.00"
"Andhra Pradesh","Alluri Sitharama Raju","Rice","Rabi","0.01","0.04","2917.00"
"Andhra Pradesh","Alluri Sitharama Raju","Rice","Total","0.57","1.79","3150.00"
"Andhra Pradesh","Anakapalli","Rice","Kharif","0.56","1.78","3164.00"
"Andhra Pradesh","Anakapalli","Rice","Rabi","0.01","0.04","3126.00"
"Andhra Pradesh","Anakapalli","Rice","Total","0.58","1.82","3163.00"
"Andhra Pradesh","Ananthapuramu","Rice","Kharif","0.22","0.74","3431.00"
"Andhra Pradesh","Ananthapuramu","Rice","Rabi","0.05","0.13","2789.00"
"Andhra Pradesh","Ananthapuramu","Rice","Total","0.26","0.87","3317.00"
"Andhra Pradesh","Annamayya","Rice","Kharif","0.10","0.37","3681.00"
"Andhra Pradesh","Annamayya","Rice","Rabi","0.02","0.07","3487.00"
"Andhra Pradesh","Annamayya","Rice","Total","0.12","0.44","3649.00"
"Andhra Pradesh","Bapatla","Rice","Kharif","0.88","3.23","3651.00"
"Andhra Pradesh","Bapatla","Rice","Rabi","0.14","0.52","3745.00"
"Andhra Pradesh","Bapatla","Rice","Total","1.02","3.75","3664.00"
"Andhra Pradesh","Chittoor","Rice","Kharif","0.11","0.42","3783.00"
"Andhra Pradesh","Chittoor","Rice","Rabi","0.06","0.21","3237.00"
"Andhra Pradesh","Chittoor","Rice","Total","0.17","0.63","3581.00"
"Andhra Pradesh","Dr. B.R. Ambedkar Konaseema","Rice","Kharif","0.64","2.05","3210.00"
"Andhra Pradesh","Dr. B.R. Ambedkar Konaseema","Rice","Rabi","0.68","3.59","5317.00"
"Andhra Pradesh","Dr. B.R. Ambedkar Konaseema","Rice","Total","1.31","5.64","4292.00"
"Andhra Pradesh","East Godavari","Rice","Kharif","0.74","2.70","3656.00"
"Andhra Pradesh","East Godavari","Rice","Rabi","0.60","3.22","5399.00"
"Andhra Pradesh","East Godavari","Rice","Total","1.33","5.92","4435.00"
"Andhra Pradesh","Eluru","Rice","Kharif","0.78","3.13","4034.00"
"Andhra Pradesh","Eluru","Rice","Rabi","0.32","1.73","5408.00"
"Andhra Pradesh","Eluru","Rice","Total","1.10","4.86","4434.00"
"Andhra Pradesh","Guntur","Rice","Kharif","0.57","2.08","3670.00"
"Andhra Pradesh","Guntur","Rice","Rabi","0.01","0.05","3810.00"
"Andhra Pradesh","Guntur","Rice","Total","0.58","2.13","3673.00"
"Andhra Pradesh","Kakinada","Rice","Kharif","0.87","3.22","3727.00"
"Andhra Pradesh","Kakinada","Rice","Rabi","0.65","3.62","5551.00"
"Andhra Pradesh","Kakinada","Rice","Total","1.52","6.85","4511.00"
"Andhra Pradesh","Krishna","Rice","Kharif","1.54","5.84","3803.00"
"Andhra Pradesh","Krishna","Rice","Rabi","0.05","0.22","4349.00"
"Andhra Pradesh","Krishna","Rice","Total","1.59","6.06","3820.00"
"Andhra Pradesh","Kurnool","Rice","Kharif","0.14","0.48","3526.00"
"Andhra Pradesh","Kurnool","Rice","Rabi","0.04","0.11","3178.00"
"Andhra Pradesh","Kurnool","Rice","Total","0.17","0.59","3454.00"
"Andhra Pradesh","Nandyal","Rice","Kharif","0.67","2.76","4105.00"
"Andhra Pradesh","Nandyal","Rice","Rabi","0.40","1.63","4026.00"
"Andhra Pradesh","Nandyal","Rice","Total","1.08","4.39","4076.00"
"Andhra Pradesh","Ntr","Rice","Kharif","0.47","1.54","3310.00"
"Andhra Pradesh","Ntr","Rice","Rabi","0.20","0.87","4233.00"
"Andhra Pradesh","Ntr","Rice","Total","0.67","2.41","3592.00"
"Andhra Pradesh","Palnadu","Rice","Kharif","0.35","1.37","3926.00"
"Andhra Pradesh","Palnadu","Rice","Rabi","0.21","0.81","3880.00"
"Andhra Pradesh","Palnadu","Rice","Total","0.56","2.18","3909.00"
"Andhra Pradesh","Parvathipuram Manyam","Rice","Kharif","0.72","2.45","3390.00"
"Andhra Pradesh","Parvathipuram Manyam","Rice","Rabi","0.02","0.06","3627.00"
"Andhra Pradesh","Parvathipuram Manyam","Rice","Total","0.74","2.51","3396.00"
"Andhra Pradesh","Prakasam","Rice","Kharif","0.10","0.31","3278.00"
"Andhra Pradesh","Prakasam","Rice","Rabi","0.14","0.46","3370.00"
"Andhra Pradesh","Prakasam","Rice","Total","0.23","0.77","3332.00"
"Andhra Pradesh","Sri Potti Sriramulu Nellore","Rice","Kharif","0.16","0.56","3612.00"
"Andhra Pradesh","Sri Potti Sriramulu Nellore","Rice","Rabi","1.25","5.30","4229.00"
"Andhra Pradesh","Sri Potti Sriramulu Nellore","Rice","Total","1.41","5.87","4161.00"
"Andhra Pradesh","Sri Sathya Sai","Rice","Kharif","0.09","0.32","3432.00"
"Andhra Pradesh","Sri Sathya Sai","Rice","Rabi","0.03","0.10","3597.00"
"Andhra Pradesh","Sri Sathya Sai","Rice","Total","0.12","0.42","3470.00"
"Andhra Pradesh","Srikakulam","Rice","Kharif","1.47","4.75","3234.00"
"Andhra Pradesh","Srikakulam","Rice","Rabi","0.05","0.19","3551.00"
"Andhra Pradesh","Srikakulam","Rice","Total","1.52","4.94","3245.00"
"Andhra Pradesh","Tirupati","Rice","Kharif","0.19","0.70","3648.00"
"Andhra Pradesh","Tirupati","Rice","Rabi","0.82","2.98","3654.00"
"Andhra Pradesh","Tirupati","Rice","Total","1.01","3.68","3653.00"
"Andhra Pradesh","Visakhapatnam","Rice","Kharif","0.04","0.16","3568.00"
"Andhra Pradesh","Visakhapatnam","Rice","Rabi","0.01","0.02","3525.00"
"Andhra Pradesh","Visakhapatnam","Rice","Total","0.05","0.18","3563.00"
"Andhra Pradesh","Vizianagaram","Rice","Kharif","0.97","3.56","3666.00"
"Andhra Pradesh","Vizianagaram","Rice","Rabi","0.01","0.04","3504.00"
"Andhra Pradesh","Vizianagaram","Rice","Total","0.98","3.60","3664.00"
"Andhra Pradesh","West Godavari","Rice","Kharif","0.83","3.09","3713.00"
"Andhra Pradesh","West Godavari","Rice","Rabi","0.89","5.05","5684.00"
"Andhra Pradesh","West Godavari","Rice","Total","1.72","8.14","4731.00"
"Andhra Pradesh","Y.S.R. Kadapa","Rice","Kharif","0.29","0.92","3204.00"
"Andhra Pradesh","Y.S.R. Kadapa","Rice","Rabi","0.07","0.23","3507.00"
"Andhra Pradesh","Y.S.R. Kadapa","Rice","Total","0.35","1.15","3260.00"