scope,seed,sample_count,modality,mean_attention,std_attention,min_attention,max_attention
seed_42,42,41,satellite,0.39352735731659866,0.0025458043034477843,0.383236825466156,0.39650315046310425
seed_42,42,41,weather,0.35001798955405633,0.002422351092502117,0.3447575271129608,0.35666242241859436
seed_42,42,41,soil,0.2564546473142577,0.0014906573239190392,0.25395092368125916,0.26010075211524963
seed_123,123,41,satellite,0.4113543498806837,0.03289331553810448,0.37075483798980713,0.5021473169326782
seed_123,123,41,weather,0.39617625096949133,0.024266650011628362,0.33395916223526,0.43744325637817383
seed_123,123,41,soil,0.1924693944250665,0.01120165016565414,0.16358020901679993,0.20672178268432617
seed_2026,2026,41,satellite,0.35945107006445165,0.10661126949187506,0.20070838928222656,0.5726509690284729
seed_2026,2026,41,weather,0.3162171837033295,0.07241241754026191,0.19882749021053314,0.5224561095237732
seed_2026,2026,41,soil,0.3243317425977893,0.05474708386633266,0.20330677926540375,0.4005046784877777
all_seeds,,123,satellite,0.3881109257539113,0.06793476266110236,0.20070838928222656,0.5726509690284729
all_seeds,,123,weather,0.3541371414089591,0.0549559630937061,0.19882749021053314,0.5224561095237732
all_seeds,,123,soil,0.2577519281123712,0.06277288707866964,0.16358020901679993,0.4005046784877777
