sample_id,district,year,season,actual_yield_kg_ha,predicted_yield_kg_ha,prediction_std_kg_ha,seed_count,signed_error_kg_ha,absolute_error_kg_ha,squared_error_kg_ha2
AP_SRIKAKULAM_2010_11_Kharif,SRIKAKULAM,2010-11,Kharif,813.5999755859375,2626.1648763020835,50.22936635615192,3,1812.564900716146,1812.564900716146,3285391.519308132
AP_EAST_GODAVARI_2010_11_Rabi,EAST GODAVARI,2010-11,Rabi,4915.99755859375,3324.7898763020835,369.15310296470415,3,-1591.2076822916665,1591.2076822916665,2531941.888184017
AP_WEST_GODAVARI_2010_11_Rabi,WEST GODAVARI,2010-11,Rabi,4648.99755859375,3068.1678059895835,628.9734077488846,3,-1580.8297526041665,1580.8297526041665,2499022.7067185505
AP_VISAKHAPATNAM_2011_12_Rabi,VISAKHAPATNAM,2011-12,Rabi,1136.0335693359375,2568.5923665364585,137.59960243063466,3,1432.558797200521,1432.558797200521,2052224.7074366035
AP_CUDDAPAH_2010_11_Kharif,CUDDAPAH,2010-11,Kharif,1511.988037109375,2714.2338053385415,157.51699547319188,3,1202.2457682291665,1202.2457682291665,1445394.8872249387
AP_EAST_GODAVARI_2010_11_Kharif,EAST GODAVARI,2010-11,Kharif,1926.0394287109373,2992.3384602864585,157.1956822634422,3,1066.2990315755212,1066.2990315755212,1136993.6247388944
AP_GUNTUR_2011_12_Kharif,GUNTUR,2011-12,Kharif,3835.90966796875,2858.45263671875,354.04197443828104,3,-977.45703125,977.45703125,955422.2479400635
AP_VISAKHAPATNAM_2010_11_Rabi,VISAKHAPATNAM,2010-11,Rabi,1292.068359375,2194.9064127604165,198.01299265300804,3,902.8380533854165,902.8380533854165,815116.5506407683
AP_KRISHNA_2011_12_Kharif,KRISHNA,2011-12,Kharif,3729.10205078125,2841.19921875,374.4817220937932,3,-887.90283203125,887.90283203125,788371.4391291142
AP_KRISHNA_2010_11_Rabi,KRISHNA,2010-11,Rabi,3870.998291015625,2986.8982747395835,476.33463274782633,3,-884.1000162760415,884.1000162760415,781632.8387792968
AP_NELLORE_2011_12_Kharif,NELLORE,2011-12,Kharif,3674.82177734375,2836.02001953125,334.6686712467244,3,-838.8017578125,838.8017578125,703588.3889093399
AP_VISAKHAPATNAM_2010_11_Kharif,VISAKHAPATNAM,2010-11,Kharif,1744.30810546875,2449.8753255208335,214.89318567598227,3,705.5672200520835,705.5672200520835,497825.1020120252
AP_VISAKHAPATNAM_2011_12_Kharif,VISAKHAPATNAM,2011-12,Kharif,1522.9075927734375,2212.4114990234375,217.73718292597283,3,689.50390625,689.50390625,475415.6367340088
AP_KURNOOL_2010_11_Rabi,KURNOOL,2010-11,Rabi,3203.991943359375,2560.5250651041665,110.76533270451257,3,-643.4668782552085,643.4668782552085,414049.6234115033
AP_GUNTUR_2010_11_Kharif,GUNTUR,2010-11,Kharif,2397.00146484375,2971.2989095052085,149.70384923776137,3,574.2974446614585,574.2974446614585,329817.55494468095
AP_WEST_GODAVARI_2010_11_Kharif,WEST GODAVARI,2010-11,Kharif,2181.559814453125,2747.9966634114585,210.4750645773251,3,566.4368489583335,566.4368489583335,320850.7038578459
AP_SRIKAKULAM_2011_12_Rabi,SRIKAKULAM,2011-12,Rabi,2108.8154296875,2664.784423828125,211.7326684734798,3,555.968994140625,555.968994140625,309101.5224457383
AP_PRAKASAM_2010_11_Rabi,PRAKASAM,2010-11,Rabi,3486.001220703125,3993.0015462239585,103.40650543751215,3,507.0003255208335,507.0003255208335,257049.3300782311
AP_WEST_GODAVARI_2011_12_Rabi,WEST GODAVARI,2011-12,Rabi,4406.00244140625,3899.633544921875,142.06531611045838,3,-506.368896484375,506.368896484375,256409.45932680368
AP_VIZIANAGARM_2011_12_Rabi,VIZIANAGARM,2011-12,Rabi,2448.052001953125,2915.5546875,429.9546217886277,3,467.502685546875,467.502685546875,218558.7609935403
AP_VIZIANAGARM_2011_12_Kharif,VIZIANAGARM,2011-12,Kharif,2146.763671875,2605.52294921875,318.4113854970256,3,458.75927734375,458.75927734375,210460.07454895973
AP_VIZIANAGARM_2010_11_Rabi,VIZIANAGARM,2010-11,Rabi,3232.974853515625,2790.6312662760415,235.2095363853244,3,-442.3435872395835,442.3435872395835,195667.849171983
AP_SRIKAKULAM_2011_12_Kharif,SRIKAKULAM,2011-12,Kharif,1917.2200927734373,2356.1421712239585,76.55596118343301,3,438.9220784505212,438.9220784505212,192652.5909513255
AP_PRAKASAM_2011_12_Kharif,PRAKASAM,2011-12,Kharif,3449.005615234375,3094.0074055989585,151.6894277321908,3,-354.9982096354165,354.9982096354165,126023.72884435114
AP_GUNTUR_2010_11_Rabi,GUNTUR,2010-11,Rabi,3455.996337890625,3803.8387044270835,395.77478519716436,3,347.8423665364585,347.8423665364585,120994.31195768394
AP_CHITTOOR_2010_11_Rabi,CHITTOOR,2010-11,Rabi,3019.009033203125,3335.3523763020835,506.2702570324678,3,316.3433430989585,316.3433430989585,100073.11072302537
AP_SRIKAKULAM_2010_11_Rabi,SRIKAKULAM,2010-11,Rabi,2369.96337890625,2644.3997395833335,83.09917553835727,3,274.4363606770835,274.4363606770835,75315.31606168226
AP_WEST_GODAVARI_2011_12_Kharif,WEST GODAVARI,2011-12,Kharif,3180.816162109375,3429.25634765625,426.4774106537573,3,248.440185546875,248.440185546875,61722.52579456568
AP_NELLORE_2010_11_Rabi,NELLORE,2010-11,Rabi,3865.998291015625,3634.4940592447915,633.0525317011413,3,-231.50423177083348,231.50423177083348,53594.20932780379
AP_ANANTPUR_2011_12_Kharif,ANANTPUR,2011-12,Kharif,2506.1240234375,2726.3330891927085,160.19936456721953,3,220.20906575520848,220.20906575520848,48492.032640781734
AP_ANANTPUR_2010_11_Rabi,ANANTPUR,2010-11,Rabi,2794.989501953125,2577.0665690104165,110.1056857481867,3,-217.92293294270848,217.92293294270848,47490.40470235222
AP_CUDDAPAH_2010_11_Rabi,CUDDAPAH,2010-11,Rabi,2869.98876953125,2686.7159016927085,290.345974435881,3,-183.27286783854152,183.27286783854152,33588.944085763505
AP_VIZIANAGARM_2010_11_Kharif,VIZIANAGARM,2010-11,Kharif,2575.128662109375,2423.3709309895835,84.33068080855519,3,-151.75773111979152,151.75773111979152,23030.40895462694
AP_CHITTOOR_2010_11_Kharif,CHITTOOR,2010-11,Kharif,2976.80224609375,2848.5214029947915,90.02015079123153,3,-128.28084309895848,128.28084309895848,16455.974706179604
AP_PRAKASAM_2010_11_Kharif,PRAKASAM,2010-11,Kharif,2931.789306640625,3055.4293619791665,155.1889969957361,3,123.64005533854152,123.64005533854152,15286.863284117608
AP_NELLORE_2010_11_Kharif,NELLORE,2010-11,Kharif,3270.004150390625,3174.78369140625,180.73827340690508,3,-95.220458984375,95.220458984375,9066.935809195042
AP_ANANTPUR_2010_11_Kharif,ANANTPUR,2010-11,Kharif,2916.73583984375,2829.5054524739585,89.3057136654669,3,-87.23038736979152,87.23038736979152,7609.140480683883
AP_KRISHNA_2011_12_Rabi,KRISHNA,2011-12,Rabi,3415.951416015625,3363.8098958333335,581.609149652392,3,-52.141520182291515,52.141520182291515,2718.7381269203133
AP_KURNOOL_2011_12_Kharif,KURNOOL,2011-12,Kharif,3629.783447265625,3605.7130533854165,318.9072573721433,3,-24.070393880208485,24.070393880208485,579.383861548378
AP_KRISHNA_2010_11_Kharif,KRISHNA,2010-11,Kharif,2776.946533203125,2797.5174153645835,114.07695395777706,3,20.570882161458485,20.570882161458485,423.1611929006109
AP_KURNOOL_2010_11_Kharif,KURNOOL,2010-11,Kharif,2799.68310546875,2801.930908203125,118.99301495382392,3,2.247802734375,2.247802734375,5.052617132663727
