seed,model,best_epoch,best_validation_loss,test_sample_count,test_ids_sha256,mae_kg_ha,rmse_kg_ha,r2
42,satellite_only,1,1.3370215147733688,41,96bb7ff83e30cf596593599237b233a36e000291f8d30e564962cc69735d6c99,797.5830762909679,1036.4358281814948,-0.2441103379911802
123,satellite_only,1,1.154927283525467,41,96bb7ff83e30cf596593599237b233a36e000291f8d30e564962cc69735d6c99,797.0913830268673,1012.9805599058783,-0.18843733173505806
2026,satellite_only,7,0.498588502407074,41,96bb7ff83e30cf596593599237b233a36e000291f8d30e564962cc69735d6c99,629.2283995093369,809.6573420591616,0.2407643701512423
42,attention_fusion,1,1.013342708349228,41,96bb7ff83e30cf596593599237b233a36e000291f8d30e564962cc69735d6c99,734.9014058927211,923.7990099599145,0.011608393348188306
123,attention_fusion,2,0.9918777644634247,41,96bb7ff83e30cf596593599237b233a36e000291f8d30e564962cc69735d6c99,728.7210633812881,928.0410591401986,0.0025102402646544064
2026,attention_fusion,4,0.6836785972118378,41,96bb7ff83e30cf596593599237b233a36e000291f8d30e564962cc69735d6c99,655.1152373523247,827.3549624916056,0.2072106340907639
42,concatenation_fusion,1,1.0041411221027374,41,96bb7ff83e30cf596593599237b233a36e000291f8d30e564962cc69735d6c99,738.4140237947789,933.3513344348764,-0.008937744294429617
123,concatenation_fusion,8,0.5723573267459869,41,96bb7ff83e30cf596593599237b233a36e000291f8d30e564962cc69735d6c99,592.9799477181783,759.6155768585238,0.33171488561636364
2026,concatenation_fusion,7,0.6679081320762634,41,96bb7ff83e30cf596593599237b233a36e000291f8d30e564962cc69735d6c99,611.4124934498857,786.2592354345693,0.28401226430710325
