result_type,mae_kg_ha,rmse_kg_ha,r2,model,seed,best_epoch,best_validation_loss,runs,mean_mae_kg_ha,std_mae_kg_ha,mean_rmse_kg_ha,std_rmse_kg_ha,mean_r2,std_r2
per_seed,749.0289366187119,982.6728497675284,-0.11838665950676464,satellite_only,42,1.0,1.2663375437259674,,,,,,,
per_seed,803.0198438690929,1020.0172429136788,-0.20500567028721028,satellite_only,123,1.0,1.170963168144226,,,,,,,
per_seed,696.5678562071265,861.4717733354324,0.14047964115264877,satellite_only,2026,5.0,0.5215515196323395,,,,,,,
per_seed,735.3318079506479,924.0111355097647,0.011154426235191472,attention_fusion,42,1.0,1.0153852701187134,,,,,,,
per_seed,580.0119956411967,726.744949868327,0.3883005233882325,attention_fusion,123,4.0,0.8771814107894897,,,,,,,
per_seed,533.2022705078125,668.7216174921158,0.4820774871417117,attention_fusion,2026,6.0,0.6023990511894226,,,,,,,
per_seed,737.4011022056021,932.4385213230934,-0.006965236804255648,concatenation_fusion,42,1.0,1.00520259141922,,,,,,,
per_seed,631.9956203553735,813.445976139402,0.2336423550369533,concatenation_fusion,123,4.0,0.6739776432514191,,,,,,,
per_seed,635.7127685546875,788.8361948135858,0.27931128317543863,concatenation_fusion,2026,8.0,0.6503670513629913,,,,,,,
summary,,,,satellite_only,,,,3.0,749.5388788983105,43.460337858345085,954.7206220055465,67.67649399207944,-0.06097089621377538,0.14677068851570588
summary,,,,attention_fusion,,,,3.0,616.1820246998857,86.39170765875413,773.1592342900691,109.26694788821139,0.29384414558837857,0.20352499896195078
summary,,,,concatenation_fusion,,,,3.0,668.3698303718877,48.836063627330745,844.9068974253604,62.70432851011565,0.16866280046937876,0.12557950564422357
