epoch,train_loss,validation_loss,train_mae,validation_mae,train_rmse,validation_rmse,validation_r2
1,1.0114251849326221,1.5386420711874962,647.0950281897257,838.2160081129807,810.4993053081561,1082.579232596182,-1.0032242434030256
2,0.922087144783952,0.7854965701699257,622.1533110862555,576.6968524639423,781.1272803293733,748.8075129413925,0.04159169055206435
3,0.8723515705628828,0.7099789530038834,604.3480231706486,595.3538630558894,754.9562978364931,730.836110823448,0.08704330070258481
4,0.7492187361825596,0.569156140089035,558.160727567451,510.5500676081731,700.0871451609524,600.0621099515133,0.3845360870179352
5,0.73797407746315,0.4364962764084339,551.3385868516079,445.66761192908655,691.704284655203,585.0410091242231,0.4149637142159439
6,0.7767626595768061,0.5344634801149368,580.2019348144531,509.3934513972356,702.1305326458325,615.9016032564074,0.35161515789335973
7,0.8555326001210646,0.7349342554807663,594.5563077704851,589.7021859975962,738.6068879940801,677.6163090023364,0.21516586359517031
8,0.708539912646467,0.9589919447898865,568.794570567996,676.768808218149,685.2775199989169,766.3793904025741,-0.0039170228992087
9,0.8366110920906067,0.47290589939802885,576.1522649720657,480.97225247896637,727.887222456093,607.3171671809082,0.3695635724493527
