learning_rate,fusion_dropout,configuration,seed,best_epoch,best_validation_loss,validation_mae_kg_ha,validation_rmse_kg_ha,validation_r2,training_time_seconds,device
0.001,0.0,lr_0.001_dropout_0,42,1,0.9898283183574677,610.1226431039663,755.123383685334,0.02535598003712003,25.288272100005997,cuda
0.001,0.0,lr_0.001_dropout_0,123,6,0.6543091684579849,448.9905818058894,614.7550705807681,0.3540269148051014,47.87934200000018,cuda
0.001,0.0,lr_0.001_dropout_0,2026,7,0.6091605871915817,454.7443378155048,590.185443777901,0.40462969184068864,51.44834119999723,cuda
0.001,0.1,lr_0.001_dropout_0.1,42,1,1.0197788178920746,637.3345196063702,774.0583107612154,-0.024135781480844942,22.340919099995517,cuda
0.001,0.1,lr_0.001_dropout_0.1,123,9,0.5018632709980011,418.00393442007214,537.2734294456637,0.5065979940515863,66.51052159999381,cuda
0.001,0.1,lr_0.001_dropout_0.1,2026,6,0.6991212069988251,533.8115703876202,647.3236214771076,0.28376903267057063,45.350352300010854,cuda
0.0005,0.0,lr_0.0005_dropout_0,42,1,1.0633168369531631,594.2556903545673,771.2373433912801,-0.016684691121429118,15.257125000003725,cuda
0.0005,0.0,lr_0.0005_dropout_0,123,9,0.4680420607328415,408.73709810697113,550.6111227930461,0.48179673536528067,46.59235070001159,cuda
0.0005,0.0,lr_0.0005_dropout_0,2026,9,0.43601539731025696,406.3176926832933,519.5325763104124,0.5386444463184425,50.13891720000538,cuda
0.0005,0.1,lr_0.0005_dropout_0.1,42,1,1.1510960459709167,600.1276198167068,792.4111607661207,-0.07327583609714039,19.646563200003584,cuda
0.0005,0.1,lr_0.0005_dropout_0.1,123,8,0.47649790346622467,401.787353515625,533.830467331522,0.5129013818587908,48.28421549999621,cuda
0.0005,0.1,lr_0.0005_dropout_0.1,2026,5,0.6571677103638649,467.95984825721155,603.267745669798,0.3779426927723982,37.00225929998851,cuda
